batter,format,innings,runs,balls_faced,fours,sixes,strike_rate,avg_per_innings,perf_index
V Kohli,ODI,296,14675,15958,1366,170,91.96,49.58,66.63
JE Root,Test,163,13943,24286,1500,46,57.41,85.54,63.37
AN Cook,Test,161,12472,26618,1445,11,46.86,77.47,55.73
KC Sangakkara,ODI,284,11640,14663,1122,77,79.38,40.99,50.68
RG Sharma,ODI,270,11357,12532,1069,351,90.62,42.06,66.78
SPD Smith,Test,122,10763,20031,1184,68,53.73,88.22,56.16
MS Dhoni,ODI,279,10274,12090,787,210,84.98,36.82,51.77
KS Williamson,Test,108,9461,18236,1061,28,51.88,87.6,50.11
AB de Villiers,ODI,213,9435,9488,825,200,99.44,44.3,53.82
V Kohli,Test,121,9230,16655,1028,30,55.42,76.28,47.63
TM Dilshan,ODI,259,9212,10777,1022,50,85.48,35.57,44.15
HM Amla,Test,121,9146,18274,1150,14,50.05,75.59,47.44
DA Warner,Test,112,8786,12544,1055,70,70.04,78.45,51.87
KC Sangakkara,Test,84,8489,15666,961,39,54.19,101.06,51.06
AB de Villiers,Test,105,8182,14971,944,63,54.65,77.92,47.19
MJ Clarke,Test,107,8146,14605,921,32,55.78,76.13,44.85
LRPL Taylor,ODI,209,8126,10040,674,133,80.94,38.88,42.87
KP Pietersen,Test,100,8079,13130,979,79,61.53,80.79,49.84
AD Mathews,Test,116,8073,16743,821,88,48.22,69.59,44.38
DPMD Jayawardene,ODI,264,8069,10269,743,52,78.58,30.56,37.14
HM Amla,ODI,174,7834,9058,796,49,86.49,45.02,41.22
Tamim Iqbal,ODI,215,7648,9979,841,96,76.64,35.57,41.15
LRPL Taylor,Test,109,7597,12869,929,53,59.03,69.7,44.51
GC Smith,Test,94,7584,12515,954,19,60.6,80.68,45.28
IR Bell,Test,114,7416,15021,889,38,49.37,65.05,40.77
JH Kallis,Test,89,7405,14911,824,59,49.66,83.2,44.76
JE Root,ODI,174,7329,8536,593,51,85.86,42.12,37.28
BA Stokes,Test,119,7216,12390,828,136,58.24,60.64,45.46
CA Pujara,Test,100,7160,16191,858,16,44.22,71.6,39.44
KS Williamson,ODI,165,7145,8864,657,60,80.61,43.3,37.99
Azhar Ali,Test,97,7142,17063,697,23,41.86,73.63,37.78
Younis Khan,Test,80,7135,13800,724,53,51.7,89.19,44.16
MJ Guptill,ODI,190,7125,8358,734,184,85.25,37.5,45.46
FDM Karunaratne,Test,99,7113,13955,751,11,50.97,71.85,38.53
Mushfiqur Rahim,ODI,227,7096,8993,568,94,78.91,31.26,36.05
Q de Kock,ODI,159,7014,7390,791,131,94.91,44.11,45.54
MJ Clarke,ODI,198,6988,9095,578,45,76.83,35.29,33.8
RT Ponting,ODI,189,6979,8658,665,93,80.61,36.93,38.47
EJG Morgan,ODI,215,6953,7767,600,190,89.52,32.34,43.26
Yuvraj Singh,ODI,209,6932,8102,729,133,85.56,33.17,41.39
S Dhawan,ODI,163,6733,7524,838,78,89.49,41.31,41.55
RT Ponting,Test,89,6733,11494,767,30,58.58,75.65,41.0
Shakib Al Hasan,ODI,200,6638,8133,620,51,81.62,33.19,34.39
DA Warner,ODI,154,6623,6974,701,125,94.97,43.01,43.25
DPMD Jayawardene,Test,78,6615,12924,733,35,51.18,84.81,41.6
WU Tharanga,ODI,206,6482,8845,742,52,73.28,31.47,34.5
CH Gayle,ODI,198,6433,7434,670,254,86.53,32.49,46.8
SR Tendulkar,ODI,144,6433,7616,774,60,84.47,44.67,39.32
SR Tendulkar,Test,82,6416,11899,793,30,53.92,78.24,40.86
Mohammad Hafeez,ODI,202,6351,8347,635,106,76.09,31.44,36.31
TWM Latham,Test,91,6261,13092,709,22,47.82,68.8,36.44
LD Chandimal,Test,89,6254,12543,660,43,49.86,70.27,37.52
UT Khawaja,Test,87,6229,12785,668,28,48.72,71.6,36.86
Mushfiqur Rahim,Test,95,6226,12804,715,36,48.63,65.54,36.71
Babar Azam,ODI,131,6203,7243,578,65,85.64,47.35,37.36
JM Bairstow,Test,99,6042,10246,721,57,58.97,61.03,38.09
S Chanderpaul,Test,75,5995,13587,608,21,44.12,79.93,36.46
Shoaib Malik,ODI,206,5981,7309,475,93,81.83,29.03,33.14
V Sehwag,Test,76,5969,7059,845,63,84.56,78.54,46.61
KC Brathwaite,Test,99,5931,14547,594,17,40.77,59.91,31.53
R Dravid,Test,80,5925,13756,728,12,43.07,74.06,36.14
MEK Hussey,Test,75,5779,11737,635,36,49.24,77.05,37.42
BB McCullum,Test,89,5778,8826,698,101,65.47,64.92,41.5
V Sehwag,ODI,165,5763,5649,769,107,102.02,34.93,41.2
SPD Smith,ODI,151,5668,6653,511,57,85.19,37.54,33.26
SD Hope,ODI,135,5666,7078,460,113,80.05,41.97,36.03
AD Mathews,ODI,184,5646,6934,454,85,81.42,30.68,32.23
AJ Strauss,Test,88,5605,11707,689,4,47.88,63.69,33.23
SK Raina,ODI,190,5585,6147,475,120,90.86,29.39,35.31
JC Buttler,ODI,168,5473,4839,445,182,113.1,32.58,41.63
F du Plessis,ODI,135,5445,6288,493,61,86.59,40.33,33.67
VVS Laxman,Test,76,5411,10968,673,1,49.33,71.2,34.27
SR Watson,ODI,150,5357,5949,542,123,90.05,35.71,37.23
D Elgar,Test,85,5347,11236,686,26,47.59,62.91,33.9
IR Bell,ODI,152,5289,6997,509,31,75.59,34.8,29.51
GC Smith,ODI,152,5280,6613,588,38,79.84,34.74,31.46
AJ Finch,ODI,139,5188,6135,513,118,84.56,37.32,35.98
BB McCullum,ODI,186,5157,5457,490,172,94.5,27.73,38.0
BRM Taylor,ODI,162,5150,6970,480,66,73.89,31.79,30.12
Mahmudullah,ODI,189,5131,6811,392,99,75.33,27.15,30.05
Misbah-ul-Haq,Test,69,5102,11375,494,81,44.85,73.94,36.02
MEK Hussey,ODI,148,5076,6012,354,70,84.43,34.3,30.35
AM Rahane,Test,82,5067,10234,580,35,49.51,61.79,32.63
Tamim Iqbal,Test,68,5019,8596,638,41,58.39,73.81,37.17
G Gambhir,ODI,134,4981,5933,527,17,83.95,37.17,30.03
JH Kallis,ODI,132,4929,6548,417,53,75.27,37.34,29.52
JP Duminy,ODI,173,4928,5986,342,67,82.33,28.49,28.4
Younis Khan,ODI,168,4777,6411,388,36,74.51,28.43,26.08
Misbah-ul-Haq,ODI,135,4752,6549,319,76,72.56,35.2,28.52
BKG Mendis,Test,72,4747,8112,572,53,58.52,65.93,35.04
MS Dhoni,Test,86,4721,8033,523,76,58.77,54.9,33.48
M Labuschagne,Test,63,4694,9013,533,15,52.08,74.51,33.22
Mominul Haque,Test,73,4668,8684,536,19,53.75,63.95,31.54
Asad Shafiq,Test,75,4660,9601,515,29,48.54,62.13,30.82
TM Head,Test,64,4592,6600,561,41,69.58,71.75,36.51
DA Miller,ODI,150,4573,4510,341,143,101.4,30.49,34.95
Babar Azam,T20,134,4545,3650,473,80,124.52,33.92,36.58
BKG Mendis,ODI,136,4419,5168,464,67,85.51,32.49,30.52
TWM Latham,ODI,151,4416,5333,375,59,82.81,29.25,27.9
ST Jayasuriya,ODI,133,4414,4796,517,89,92.04,33.19,33.41
TM Dilshan,Test,60,4384,6282,529,22,69.79,73.07,35.0
Babar Azam,Test,61,4366,8030,516,24,54.37,71.57,32.74
Shakib Al Hasan,Test,68,4356,6984,531,27,62.37,64.06,32.57
AC Gilchrist,ODI,118,4355,4260,556,75,102.23,36.91,35.03
SC Williams,ODI,130,4351,4990,401,52,87.19,33.47,29.13
RG Sharma,Test,66,4301,7546,473,88,57.0,65.17,34.77
JJ Roy,ODI,109,4237,4116,509,81,102.94,38.87,35.07
MN Samuels,ODI,142,4205,5654,384,102,74.37,29.61,29.22
KP Pietersen,ODI,118,4202,4990,402,71,84.21,35.61,30.09
F du Plessis,Test,68,4163,8997,518,21,46.27,61.22,29.26
PD Collingwood,ODI,145,4148,5507,300,60,75.32,28.61,25.55
ML Hayden,Test,47,4136,6822,488,41,60.63,88.0,37.08
DM de Silva,Test,64,4133,7102,499,36,58.19,64.58,31.95
MJ Prior,Test,76,4099,6662,495,16,61.53,53.93,28.98
RA Jadeja,Test,85,4075,7373,397,81,55.27,47.94,29.38
RG Sharma,T20,144,4042,2949,364,196,137.06,28.07,41.4
JC Buttler,T20,139,3999,2781,367,175,143.8,28.77,41.14
KL Rahul,Test,65,3999,7754,478,30,51.57,61.52,29.72
V Kohli,T20,112,3969,3007,349,115,131.99,35.44,37.35
H Masakadza,ODI,155,3955,5646,420,57,70.05,25.52,25.45
ML Hayden,ODI,96,3939,4956,411,58,79.48,41.03,29.62
PD Collingwood,Test,63,3931,8303,429,24,47.34,62.4,28.3
CH Gayle,Test,52,3927,5861,520,80,67.0,75.52,37.72
Shahid Afridi,ODI,185,3913,2987,341,177,131.0,21.15,37.71
TT Samaraweera,Test,51,3890,7992,470,6,48.67,76.27,30.71
M Vijay,Test,59,3877,8459,452,32,45.83,65.71,29.47
IJL Trott,Test,52,3835,8160,455,0,47.0,73.75,29.38
T Bavuma,Test,64,3810,7808,434,16,48.8,59.53,27.34
S Chanderpaul,ODI,108,3804,5605,292,40,67.87,35.22,24.25
Fakhar Zaman,ODI,86,3803,4140,424,83,91.86,44.22,33.18
BJ Watling,Test,74,3790,8915,429,8,42.51,51.22,24.36
HH Gibbs,ODI,102,3766,4434,414,72,84.93,36.92,30.06
G Gambhir,Test,51,3733,7410,458,10,50.38,73.2,30.15
OJ Pope,Test,64,3732,5798,440,18,64.37,58.31,29.08
AJ Strauss,ODI,112,3729,4732,400,25,78.8,33.29,25.68
R Dravid,ODI,118,3723,5220,348,17,71.32,31.55,23.26
RR Sarwan,ODI,113,3717,5143,316,38,72.27,32.89,24.41
GJ Maxwell,ODI,132,3695,3054,354,138,120.99,27.99,35.52
SR Watson,Test,57,3684,6990,479,31,52.7,64.63,30.12
JM Bairstow,ODI,95,3671,3682,418,83,99.7,38.64,32.75
Sikandar Raza,ODI,117,3662,4236,307,85,86.45,31.3,28.29
SCJ Broad,Test,153,3662,5629,440,55,65.06,23.93,24.28
LD Chandimal,ODI,137,3657,5072,249,42,72.1,26.69,22.4
SM Katich,Test,45,3625,7307,432,7,49.61,80.56,30.87
A Symonds,ODI,105,3589,4047,304,73,88.68,34.18,28.32
Z Crawley,Test,64,3586,5485,501,13,65.38,56.03,29.07
PR Stirling,ODI,110,3548,4148,404,86,85.54,32.25,29.57
DM Bravo,Test,56,3538,7898,405,41,44.8,63.18,28.26
MJ Guptill,T20,117,3517,2673,307,173,131.58,30.06,38.34
R Ashwin,Test,99,3485,6395,398,23,54.5,35.2,22.63
RR Pant,Test,49,3476,4694,373,95,74.05,70.94,35.93
BA Stokes,ODI,98,3469,3701,283,110,93.73,35.4,30.84
Mohammad Rizwan,T20,91,3386,2766,284,94,122.42,37.21,33.68
Mohammad Hafeez,Test,51,3321,5748,419,26,57.78,65.12,29.26
Q de Kock,Test,54,3300,4670,411,33,70.66,61.11,30.28
KL Rahul,ODI,84,3270,3659,252,75,89.37,38.93,28.34
E Chigumbura,ODI,151,3266,4235,264,73,77.12,21.63,23.42
BJ Haddin,Test,65,3266,5602,364,54,58.3,50.25,27.13
AG Prince,Test,54,3261,7389,351,13,44.13,60.39,24.92
DA Warner,T20,108,3254,2361,333,122,137.82,30.13,36.2
SA Yadav,T20,105,3220,2052,293,175,156.92,30.67,41.07
AN Cook,ODI,91,3204,4238,363,10,75.6,35.21,23.61
AK Markram,Test,50,3192,5412,452,16,58.98,63.84,28.84
SB Styris,ODI,97,3184,3970,260,41,80.2,32.82,24.05
HC Brook,Test,35,3178,3674,341,52,86.5,90.8,38.14
HDRL Thirimanne,ODI,102,3164,4444,245,25,71.2,31.02,21.46
HM Nicholls,Test,57,3161,6256,346,9,50.53,55.46,24.28
PR Stirling,T20,130,3160,2427,365,114,130.2,24.31,33.95
AJ Finch,T20,103,3120,2265,309,125,137.75,30.29,35.89
MM Ali,Test,68,3094,5998,375,34,51.58,45.5,24.13
MDKJ Perera,ODI,107,3077,3375,344,51,91.17,28.76,26.12
BM Duckett,Test,43,3074,3562,399,19,86.3,71.49,33.0
MR Marsh,ODI,93,3066,3314,283,101,92.52,32.97,29.14
JO Holder,Test,67,3062,5588,361,55,54.8,45.7,25.53
Umar Akmal,ODI,108,3032,3626,257,48,83.62,28.07,23.67
Sarfraz Ahmed,Test,54,3031,4325,309,9,70.08,56.13,26.12
MN Samuels,Test,51,3021,6232,409,30,48.48,59.24,26.63
GJ Bailey,ODI,83,3011,3672,222,55,82.0,36.28,25.02
DM Bravo,ODI,113,3007,4475,246,71,67.2,26.61,22.51
BJ Haddin,ODI,107,3003,3648,283,70,82.32,28.07,25.07
Liton Das,Test,50,3000,5049,363,21,59.42,60.0,26.96
Q de Kock,T20,104,2986,2181,301,128,136.91,28.71,35.35
Shubman Gill,ODI,61,2953,3065,335,63,96.35,48.41,31.08
SS Iyer,ODI,69,2952,3083,273,72,95.75,42.78,29.56
TM Head,ODI,74,2948,2860,340,72,103.08,39.84,30.75
MV Boucher,Test,72,2926,5924,332,11,49.39,40.64,20.78
CR Ervine,ODI,95,2909,3763,287,37,77.31,30.62,23.02
JC Buttler,Test,57,2907,5376,341,33,54.07,51.0,24.77
AM Rahane,ODI,86,2906,3812,289,33,76.23,33.79,23.32
Mahmudullah,Test,49,2900,5439,339,24,53.32,59.18,25.77
J Blackwood,Test,55,2898,5398,350,36,53.69,52.69,25.34
Virandeep Singh,T20,97,2892,2392,257,111,120.9,29.81,31.94
Mohammad Rizwan,ODI,90,2881,3464,244,35,83.17,32.01,23.28
RA Jadeja,ODI,137,2880,3466,209,55,83.09,21.02,21.74
DL Vettori,Test,53,2874,4453,349,14,64.54,54.23,25.67
Imam-ul-Haq,ODI,68,2854,3543,236,29,80.55,41.97,24.48
Shubman Gill,Test,40,2843,4632,318,46,61.38,71.08,30.03
T Taibu,ODI,100,2837,4237,196,32,66.96,28.37,19.71
IJL Trott,ODI,65,2819,3732,216,3,75.54,43.37,22.35
GJ Maxwell,T20,114,2785,1885,231,145,147.75,24.43,35.57
Mohammad Yousuf,ODI,76,2783,3741,236,13,74.39,36.62,21.65
DA Miller,T20,121,2778,2034,182,140,136.58,22.96,32.97
DJ Bravo,ODI,127,2760,3506,219,53,78.72,21.73,21.21
N Dickwella,Test,54,2757,4158,304,11,66.31,51.06,24.32
RD Berrington,ODI,90,2757,3653,192,72,75.47,30.63,23.32
Kamran Akmal,ODI,118,2746,3374,316,32,81.39,23.27,21.92
RS Bopara,ODI,108,2689,3520,204,34,76.39,24.9,20.18
DJ Mitchell,ODI,53,2689,2868,216,71,93.76,50.74,29.74
Waseem Muhammad,T20,85,2682,1850,225,153,144.97,31.55,36.9
WTS Porterfield,ODI,89,2670,3962,274,27,67.39,30.0,20.62
Mohammad Yousuf,Test,28,2636,4735,319,17,55.67,94.14,32.04
Sikandar Raza,T20,109,2630,1980,199,132,132.83,24.13,32.32
A Balbirnie,ODI,83,2628,3557,254,34,73.88,31.66,21.81
SE Marsh,ODI,71,2622,3318,231,31,79.02,36.93,23.01
MV Boucher,ODI,106,2617,2961,199,55,88.38,24.69,22.63
KA Pollard,ODI,107,2608,2877,165,129,90.65,24.37,26.59
D Ramdin,Test,64,2591,5306,335,6,48.83,40.48,19.97
MJ Guptill,Test,47,2586,5560,326,24,46.51,55.02,23.51
SC Ganguly,Test,35,2577,4420,311,16,58.3,73.63,28.0
RR Sarwan,Test,33,2558,4752,325,10,53.83,77.52,28.06
JL Langer,Test,30,2558,4333,326,12,59.04,85.27,30.37
Ahmed Shehzad,ODI,80,2555,3623,262,18,70.52,31.94,20.56
Shan Masood,Test,44,2550,4891,244,25,52.14,57.95,23.69
AK Markram,ODI,76,2539,2646,263,57,95.96,33.41,26.16
KS Williamson,T20,88,2537,2072,242,59,122.44,28.83,28.29
DP Conway,Test,32,2533,4708,321,15,53.8,79.16,28.58
HE van der Dussen,ODI,63,2529,2965,197,47,85.3,40.14,24.75
YBK Jaiswal,Test,28,2511,3812,312,45,65.87,89.68,33.72
HG Munsey,T20,81,2508,1826,264,115,137.35,30.96,33.97
P Nissanka,T20,83,2506,2035,250,73,123.14,30.19,29.51
RL Chase,Test,55,2484,5409,258,22,45.92,45.16,20.3
MP Vaughan,Test,38,2483,4982,338,6,49.84,65.34,24.97
MA Starc,Test,100,2478,4194,256,49,59.08,24.78,19.31
RR Hendricks,T20,88,2475,1962,265,69,126.15,28.12,29.39
SC Ganguly,ODI,74,2452,3498,231,44,70.1,33.14,21.67
EJG Morgan,T20,104,2443,1838,185,120,132.92,23.49,31.08
Syed Aziz,T20,103,2441,1913,210,126,127.6,23.7,31.14
BKG Mendis,T20,99,2438,1949,215,92,125.09,24.63,29.15
Mohammad Hafeez,T20,105,2437,2039,246,74,119.52,23.21,27.58
HG Munsey,ODI,63,2422,2685,250,79,90.2,38.44,27.39
Liton Das,T20,107,2420,1944,237,76,124.49,22.62,28.03
Mohammad Rizwan,Test,40,2399,4461,243,18,53.78,59.98,23.68
Liton Das,ODI,90,2392,2855,249,44,83.78,26.58,22.18
Shoaib Malik,T20,108,2392,1940,194,68,123.3,22.15,26.73
Fakhar Zaman,T20,105,2387,1839,224,95,129.8,22.73,29.56
KIC Asalanka,ODI,66,2375,2720,196,56,87.32,35.98,24.45
HM Nicholls,ODI,85,2337,3003,219,19,77.82,27.49,19.74
AT Carey,Test,46,2333,3589,250,17,65.0,50.72,23.13
AD Hales,ODI,65,2330,2483,270,45,93.84,35.85,25.51
Abdul Razzaq,ODI,100,2327,2689,174,67,86.54,23.27,22.07
MDKJ Perera,T20,91,2307,1803,224,72,127.95,25.35,28.45
Mohammad Ashraful,ODI,113,2301,3465,241,15,66.41,20.36,16.94
Shakib Al Hasan,T20,110,2295,1929,234,49,118.97,20.86,25.26
ME Trescothick,Test,28,2291,4026,336,20,56.91,81.82,29.65
Sarfraz Ahmed,ODI,89,2289,2673,174,12,85.63,25.72,19.27
KJ Coetzer,ODI,63,2280,2826,290,30,80.68,36.19,23.33
MM Ali,ODI,110,2278,2418,199,71,94.21,20.71,22.99
SE Marsh,Test,38,2265,5173,266,8,43.79,59.61,21.95
MP O'Dowd,T20,85,2256,1919,237,56,117.56,26.54,26.61
SD Hope,Test,45,2247,5171,260,10,43.45,49.93,19.97
Nizakat Khan,T20,110,2246,1914,183,76,117.35,20.42,25.77
AT Carey,ODI,77,2245,2533,213,24,88.63,29.16,21.47
TG Southee,Test,98,2245,2723,216,98,82.45,22.91,23.72
Imrul Kayes,ODI,72,2242,3268,219,36,68.6,31.14,20.19
DR Martyn,ODI,73,2239,2970,202,8,75.39,30.67,19.09
NLTC Perera,ODI,128,2233,2045,168,83,109.19,17.45,24.36
R Powell,T20,101,2233,1661,135,148,134.44,22.11,31.63
P Nissanka,ODI,66,2232,2674,286,24,83.47,33.82,22.73
A Flintoff,Test,38,2228,3689,277,50,60.4,58.63,26.26
TL Seifert,T20,82,2228,1567,208,107,142.18,27.17,32.21
GD Phillips,T20,83,2226,1594,162,107,139.65,26.82,31.22
Mahmudullah,T20,118,2223,1960,166,71,113.42,18.84,24.43
HH Pandya,T20,107,2221,1596,161,122,139.16,20.76,30.78
Soumya Sarkar,ODI,68,2213,2377,253,55,93.1,32.54,24.94
S Dhawan,Test,33,2208,3365,299,9,65.62,66.91,26.48
Salman Butt,ODI,63,2186,2932,274,7,74.56,34.7,20.63
N Pooran,T20,96,2177,1694,146,141,128.51,22.68,30.69
DJ Mitchell,Test,34,2175,4078,209,41,53.33,63.97,24.98
TA Blundell,Test,43,2173,4077,264,16,53.3,50.53,21.58
A Flintoff,ODI,74,2168,2414,213,56,89.81,29.3,23.36
MR Marsh,T20,78,2163,1593,189,111,135.78,27.73,31.43
KL Rahul,T20,66,2149,1599,181,96,134.4,32.56,31.25
BB McCullum,T20,70,2145,1629,199,91,131.68,30.64,30.49
JO Holder,ODI,107,2144,2431,156,64,88.19,20.04,20.96
DS Airee,T20,81,2143,1572,157,89,136.32,26.46,29.54
SP Fleming,ODI,66,2133,3036,259,30,70.26,32.32,20.67
MD Patel,ODI,66,2132,2682,173,30,79.49,32.3,20.64
H Klaasen,ODI,55,2131,1839,199,72,115.88,38.75,29.09
V Sibanda,ODI,97,2125,3467,235,25,61.29,21.91,16.88
MG Erasmus,ODI,63,2121,2822,170,47,75.16,33.67,21.3
KOA Powell,Test,44,2113,4160,279,16,50.79,48.02,20.89
Babar Hayat,T20,90,2112,1695,129,126,124.6,23.47,29.21
BRM Taylor,Test,30,2111,3658,228,21,57.71,70.37,25.82
MP O'Dowd,ODI,63,2111,2904,208,36,72.69,33.51,20.84
ME Trescothick,ODI,63,2109,2584,280,13,81.62,33.48,21.56
HAPW Jayawardene,Test,48,2106,4309,224,15,48.87,43.88,19.03
Mehedi Hasan Miraz,Test,54,2103,4170,242,23,50.43,38.94,18.92
HH Gibbs,Test,34,2103,3697,317,20,56.88,61.85,25.13
JP Duminy,Test,43,2103,4560,251,13,46.12,48.91,19.95
JK Silva,Test,39,2099,5225,238,2,40.17,53.82,19.4
AN Petersen,Test,36,2093,4052,256,12,51.65,58.14,22.47
HDRL Thirimanne,Test,44,2088,5305,207,3,39.36,47.45,17.66
MR Marsh,Test,46,2083,3703,270,32,56.25,45.28,21.76
D Ramdin,ODI,103,2072,2636,153,31,78.6,20.12,17.8
MG Johnson,Test,68,2065,3545,249,31,58.25,30.37,18.65
CL White,ODI,75,2053,2583,145,44,79.48,27.37,19.97
E Lewis,ODI,59,2051,2398,193,73,85.53,34.76,24.47
RD Berrington,T20,81,2040,1575,155,79,129.52,25.19,27.72
CR Woakes,Test,60,2034,3852,256,9,52.8,33.9,17.49
Nazmul Hossain Shanto,Test,38,2028,3971,223,28,51.07,53.37,21.82
A Balbirnie,T20,89,2028,1682,211,60,120.57,22.79,25.8
MS Atapattu,ODI,65,2025,3019,201,0,67.08,31.15,17.42
AD Hales,T20,72,2024,1482,220,69,136.57,28.11,29.44
CJL Rogers,Test,25,2015,3988,269,1,50.53,80.6,26.27
CS MacLeod,ODI,61,2015,2570,207,26,78.4,33.03,20.72
AC Gilchrist,Test,38,2005,2384,242,41,84.1,52.76,26.68
MG Erasmus,T20,78,1996,1629,157,73,122.53,25.59,26.57
KJ O'Brien,ODI,84,1990,2151,198,48,92.52,23.69,21.66
CJ Chibhabha,ODI,87,1987,3130,205,12,63.48,22.84,16.0
LRPL Taylor,T20,96,1974,1680,126,74,117.5,20.56,24.57
S Sesazi,T20,75,1970,1676,204,71,117.54,26.27,26.58
K Bhurtel,T20,73,1969,1594,186,84,123.53,26.97,27.95
LMP Simmons,ODI,64,1958,2741,162,50,71.43,30.59,20.07
MS Chapman,T20,86,1938,1454,166,80,133.29,22.53,27.71
AK Markram,T20,71,1938,1352,178,83,143.34,27.3,30.22
CH Gayle,T20,75,1932,1479,159,128,130.63,25.76,30.67
Anshuman Rath,T20,71,1923,1640,198,36,117.26,27.08,24.57
Inzamam-ul-Haq,ODI,62,1916,2482,167,24,77.2,30.9,19.36
MH Cross,ODI,84,1915,2736,165,18,69.99,22.8,16.49
GD Elliott,ODI,66,1913,2394,149,27,79.91,28.98,19.23
HH Pandya,ODI,67,1897,1755,141,76,108.09,28.31,25.19
T Bavuma,ODI,49,1894,2187,188,26,86.6,38.65,22.42
MD Shanaka,T20,112,1884,1535,126,105,122.74,16.82,26.1
JP Duminy,T20,72,1880,1534,136,68,122.56,26.11,25.96
Sohail Ahmed,T20,71,1879,1602,125,78,117.29,26.46,25.81
BC Lara,ODI,67,1878,2455,173,40,76.5,28.03,19.64
RK Paudel,ODI,68,1876,2593,140,36,72.35,27.59,18.38
DJ Malan,T20,59,1874,1464,194,62,128.01,31.76,28.18
SA Edwards,ODI,58,1873,2120,136,17,88.35,32.29,20.13
Kamran Akmal,Test,36,1867,2979,265,12,62.67,51.86,22.36
Taufeeq Umar,Test,25,1867,4189,248,3,44.57,74.68,23.99
V Aravind,ODI,63,1865,2785,180,16,66.97,29.6,17.51
M Labuschagne,ODI,57,1857,2249,152,10,82.57,32.58,19.27
DJ Bravo,Test,33,1855,3717,230,21,49.91,56.21,21.71
DJG Sammy,ODI,102,1853,1926,144,84,96.21,18.17,22.15
BA King,T20,75,1848,1415,203,81,130.6,24.64,28.23
EC Joyce,ODI,60,1845,2666,181,16,69.2,30.75,17.99
DJ Mitchell,T20,87,1833,1346,124,72,136.18,21.07,26.61
N Pooran,ODI,54,1829,1913,142,75,95.61,33.87,24.65
WA Young,ODI,57,1820,2182,202,25,83.41,31.93,20.72
Azhar Ali,ODI,52,1806,2478,164,14,72.88,34.73,18.85
DP Conway,T20,61,1795,1434,173,52,125.17,29.43,26.41
MS Wade,ODI,82,1792,2226,127,33,80.5,21.85,17.76
NT Paranavitana,Test,31,1792,4285,206,5,41.82,57.81,19.73
RJ Burns,Test,32,1789,4089,220,2,43.75,55.91,19.59
BJ Bennett,T20,55,1786,1260,205,56,141.75,32.47,29.67
A Vala,ODI,56,1783,2594,147,26,68.74,31.84,18.19
VD Philander,Test,60,1779,4007,204,17,44.4,29.65,15.03
HT Tector,ODI,44,1775,2168,143,42,81.87,40.34,22.34
Saud Shakeel,Test,21,1773,3593,179,2,49.35,84.43,25.43
DM de Silva,ODI,76,1769,2330,177,15,75.92,23.28,17.1
Asif Ali,T20,100,1765,1394,130,108,126.61,17.65,26.8
Ahmed Faiz,T20,81,1764,1498,139,65,117.76,21.78,24.22
Jatinder Singh,ODI,61,1760,2404,184,27,73.21,28.85,18.65
S Dhawan,T20,66,1759,1439,191,50,122.24,26.65,25.57
Imrul Kayes,Test,38,1751,3685,232,11,47.52,46.08,18.7
TM Dilshan,T20,75,1747,1497,210,29,116.7,23.29,23.26
Karanbir Singh,T20,35,1744,1136,146,139,153.52,49.83,38.47
Yousuf Youhana,ODI,53,1740,2208,126,20,78.8,32.83,18.93
C Green,Test,36,1736,3522,196,14,49.29,48.22,19.02
C Munro,T20,61,1729,1134,133,107,152.47,28.34,32.02
RP Burl,T20,94,1726,1401,134,66,123.2,18.36,24.13
PD Salt,T20,56,1717,1073,170,83,160.02,30.66,32.51
A Sharafu,T20,62,1711,1335,164,72,128.16,27.6,27.31
Haris Sohail,ODI,42,1709,2010,136,28,85.02,40.69,21.81
Aasif Sheikh,T20,69,1699,1471,155,66,115.5,24.62,24.69
Waseem Muhammad,ODI,65,1698,1979,141,81,85.8,26.12,22.05
RR Patel,T20,68,1693,1276,136,92,132.68,24.9,28.06
NJ O'Brien,ODI,63,1692,2394,140,25,70.68,26.86,17.15
SP Fleming,Test,24,1690,3057,232,11,55.28,70.42,24.44
Imam-ul-Haq,Test,26,1687,3610,183,13,46.73,64.88,21.75
WU Tharanga,Test,30,1682,3084,227,9,54.54,56.07,21.28
CR Ervine,Test,28,1672,3457,192,11,48.37,59.71,20.9
DP Conway,ODI,41,1672,1962,207,22,85.22,40.78,22.4
DJ Hussey,ODI,59,1672,1912,122,24,87.45,28.34,19.16
Umar Akmal,T20,78,1669,1390,123,53,120.07,21.4,23.4
K Kadowaki-Fleming,T20,45,1668,1231,127,85,135.5,37.07,30.29
JM Bairstow,T20,71,1667,1243,147,76,134.11,23.48,27.15
FH Allen,T20,59,1662,1006,146,115,165.21,28.17,34.07
W Jaffer,Test,23,1662,3385,226,3,49.1,72.26,23.49
RK Paudel,T20,74,1658,1448,130,50,114.5,22.41,22.83
GS Ballance,Test,24,1653,3481,209,10,47.49,68.88,22.77
NM Lyon,Test,119,1651,3282,208,14,50.3,13.87,12.29
H Masakadza,Test,28,1649,3634,192,21,45.38,58.89,20.91
Meet Bhavsar,T20,64,1644,1312,141,59,125.3,25.69,25.44
AT Rayudu,ODI,49,1637,2143,141,26,76.39,33.41,19.15
Tamim Iqbal,T20,71,1624,1406,172,45,115.5,22.87,23.27
KD Karthik,ODI,76,1624,2275,162,15,71.38,21.37,15.77
HT Tector,T20,79,1621,1394,132,36,116.28,20.52,21.84
Aaron Jones,ODI,51,1620,2287,114,32,70.84,31.76,18.11
Salman Butt,Test,27,1619,3533,238,1,45.83,59.96,20.61
SC Williams,T20,75,1618,1270,159,39,127.4,21.57,23.93
MS Wade,Test,36,1613,3207,176,12,50.3,44.81,17.91
Abdullah Shafique,Test,24,1610,3654,155,20,44.06,67.08,21.79
ND McKenzie,Test,26,1610,3848,206,7,41.84,61.92,20.42
E Lewis,T20,57,1606,1057,123,125,151.94,28.18,32.64
N Dickwella,ODI,52,1604,1758,187,12,91.24,30.85,20.22
TH David,T20,59,1600,979,127,102,163.43,27.12,32.56
SD Hope,T20,63,1595,1180,127,87,135.17,25.32,27.91
KU Carty,ODI,43,1593,2111,138,26,75.46,37.05,19.67
MD Gunathilaka,ODI,45,1592,1899,171,20,83.83,35.38,20.45
AB de Villiers,T20,72,1591,1226,135,54,129.77,22.1,24.82
HMRKB Herath,Test,78,1589,3080,188,6,51.59,20.37,12.95
MS Dhoni,T20,82,1584,1317,114,49,120.27,19.32,22.54
Nazmul Hossain Shanto,ODI,51,1579,2026,172,16,77.94,30.96,18.62
OA Shah,ODI,52,1579,1963,124,26,80.44,30.37,18.73
Aasif Sheikh,ODI,60,1578,2153,185,15,73.29,26.3,17.23
MJ Santner,ODI,91,1573,1730,114,50,90.92,17.29,18.61
KJ O'Brien,T20,76,1571,1248,133,66,125.88,20.67,24.69
NJ Astle,ODI,43,1571,2078,163,19,75.6,36.53,19.49
Imran Farhat,Test,26,1568,3344,217,4,46.89,60.31,20.63
Riazat Ali Shah,T20,62,1568,1277,116,69,122.79,25.29,25.19
PJ Cummins,Test,68,1567,3327,155,35,47.1,23.04,14.12
Shahid Afridi,T20,98,1559,1054,114,87,147.91,15.91,27.34
Harbhajan Singh,Test,59,1554,2489,177,33,62.43,26.34,16.81
SK Raina,T20,63,1549,1208,138,57,128.23,24.59,25.29
JDP Oram,ODI,70,1546,1762,115,51,87.74,22.09,19.22
J Charles,ODI,58,1544,1840,173,45,83.91,26.62,20.09
UT Khawaja,ODI,38,1539,1865,149,13,82.52,40.5,20.55
PJ Hughes,Test,26,1535,2871,199,11,53.47,59.04,21.29
Yuvraj Singh,Test,32,1534,2634,210,20,58.24,47.94,20.3
TD Paine,Test,34,1534,3362,174,4,45.63,45.12,16.81
SO Dowrich,Test,32,1528,3253,173,11,46.97,47.75,17.88
R Ravindra,Test,20,1526,2378,170,20,64.17,76.3,26.16
Mohammad Ashraful,Test,36,1523,3127,181,11,48.7,42.31,17.1
KA Pollard,T20,80,1519,1178,91,98,128.95,18.99,25.92
JJ Roy,T20,63,1517,1138,152,70,133.3,24.08,26.69
JA Rudolph,Test,31,1517,3410,214,3,44.49,48.94,17.89
R Sandaruwan,T20,67,1517,1132,134,85,134.01,22.64,27.1
CR Woakes,ODI,84,1514,1714,118,21,88.33,18.02,16.76
L Tucker,T20,69,1511,1223,139,40,123.55,21.9,23.17
Fiaz Ahmed,T20,59,1508,1269,95,80,118.83,25.56,25.02
JDS Neesham,ODI,65,1508,1538,128,39,98.05,23.2,20.13
CK Kapugedera,ODI,76,1505,2157,100,28,69.77,19.8,15.01
MA Leask,ODI,67,1498,1344,116,64,111.46,22.36,22.84
BA King,ODI,57,1494,1825,181,30,81.86,26.21,18.94
MP Stoinis,ODI,63,1489,1622,133,49,91.8,23.63,20.07
MA Agarwal,Test,21,1488,2786,190,28,53.41,70.86,24.44
SO Hetmyer,T20,66,1488,1101,100,90,135.15,22.55,27.01
Agha Salman,Test,23,1487,2389,162,15,62.24,64.65,23.15
F du Plessis,T20,49,1487,1141,133,49,130.32,30.35,26.09
LMP Simmons,T20,63,1482,1260,137,66,117.62,23.52,24.19
Jatinder Singh,T20,66,1482,1233,168,34,120.19,22.45,22.88
Agha Salman,ODI,39,1479,1566,129,28,94.44,37.92,21.99
MN Samuels,T20,61,1469,1283,132,63,114.5,24.08,23.67
SR Watson,T20,56,1465,1042,116,83,140.6,26.16,28.18
DPMD Jayawardene,T20,52,1462,1144,168,33,127.8,28.12,24.86
Yasir Hameed,ODI,39,1459,2225,159,4,65.57,37.41,17.39
P Kurup,T20,61,1450,1387,149,35,104.54,23.77,21.01
DL Vettori,ODI,96,1450,1745,118,8,83.09,15.1,14.71
TP Ura,T20,50,1445,967,109,87,149.43,28.9,29.91
JA Burns,Test,23,1442,2564,185,14,56.24,62.7,22.22
DR Martyn,Test,24,1442,2857,168,6,50.47,60.08,20.31
CO Obuya,T20,54,1439,1243,107,71,115.77,26.65,24.42
Abhishek Sharma,T20,45,1438,790,139,96,182.03,31.96,35.39
Ahmed Shehzad,T20,58,1436,1287,151,33,111.58,24.76,21.95
Zeeshan Ali,T20,63,1435,1101,149,52,130.34,22.78,24.89
II Selemani,T20,60,1435,1011,151,78,141.94,23.92,28.04
Soumya Sarkar,T20,81,1434,1215,143,54,118.02,17.7,22.41
C de Grandhomme,Test,29,1432,1788,141,41,80.09,49.38,23.38
SC Williams,Test,20,1428,2232,174,12,63.98,71.4,24.62
CR Ervine,T20,64,1423,1382,139,30,102.97,22.23,20.05
DJ Malan,ODI,29,1418,1504,146,32,94.28,48.9,24.54
Nasir Jamshed,ODI,48,1418,1931,150,19,73.43,29.54,17.44
J Charles,T20,63,1416,1149,149,68,123.24,22.48,24.85
GA Priandana,T20,71,1415,1400,137,47,101.07,19.93,20.29
KIC Asalanka,T20,68,1415,1136,98,69,124.56,20.81,24.05
SO Hetmyer,ODI,46,1414,1339,108,53,105.6,30.74,22.96
Ahmer Bin Nisar,T20,70,1413,1121,117,48,126.05,20.19,23.16
Faisal Khan,T20,47,1413,855,144,86,165.26,30.06,32.43
HE van der Dussen,T20,53,1407,1130,89,62,124.51,26.55,24.67
WIA Fernando,ODI,47,1405,1657,147,23,84.79,29.89,19.06
Rohan Mustafa,ODI,69,1401,2261,112,26,61.96,20.3,14.06
SV Samson,T20,53,1399,924,115,84,151.41,26.4,29.5
L Ronchi,ODI,67,1397,1241,149,43,112.57,20.85,21.78
R Ravindra,ODI,34,1392,1320,154,33,105.45,40.94,24.43
MP Stoinis,T20,68,1388,962,117,64,144.28,20.41,26.3
A Symonds,Test,23,1386,2050,148,28,67.61,60.26,23.34
Sulaimon Runsewe,T20,75,1382,1335,145,17,103.52,18.43,18.64
MP Vaughan,ODI,56,1382,2118,143,10,65.25,24.68,14.82
KC Sangakkara,T20,53,1382,1193,139,20,115.84,26.08,21.76
GP Swann,Test,52,1370,1798,182,19,76.2,26.35,17.5
Tilak Varma,T20,45,1364,971,108,71,140.47,30.31,28.07
KAJ Roach,Test,84,1360,3730,161,16,36.46,16.19,10.17
Shadman Islam,Test,25,1359,2713,157,3,50.09,54.36,18.68
SM Pollock,ODI,67,1358,1469,113,24,92.44,20.27,17.6
WP Saha,Test,36,1353,2980,129,14,45.4,37.58,14.99
K Bhurtel,ODI,61,1351,1722,148,28,78.46,22.15,16.96
Mehedi Hasan Miraz,ODI,75,1346,1745,122,24,77.13,17.95,15.38
AD Mathews,T20,69,1343,1163,87,45,115.48,19.46,21.07
TM Head,T20,50,1335,873,149,60,152.92,26.7,28.74
T Marumani,T20,65,1335,1076,145,46,124.07,20.54,23.15
KA Maharaj,Test,60,1334,2205,153,29,60.5,22.23,14.9
Ishan Kishan,T20,45,1328,935,134,70,142.03,29.51,28.34
JR Hopes,ODI,61,1326,1436,123,6,92.34,21.74,16.95
Haider Butt,T20,54,1324,1092,89,60,121.25,24.52,23.64
BJ McMullen,ODI,35,1324,1496,127,36,88.5,37.83,21.47
DJG Sammy,Test,38,1323,1951,157,34,67.81,34.82,18.63
KMDN Kulasekara,ODI,117,1323,1660,95,39,79.7,11.31,14.82
Anamul Haque,ODI,44,1322,1785,132,27,74.06,30.05,17.7
Aarif Sheikh,ODI,52,1319,2040,96,10,64.66,25.37,14.17
KM Jadhav,ODI,49,1318,1307,136,23,100.84,26.9,20.15
M Kaif,ODI,64,1314,2062,120,1,63.72,20.53,12.89
Asad Shafiq,ODI,56,1312,1986,102,5,66.06,23.43,13.74
S Matsikenyeri,ODI,78,1309,1968,131,10,66.51,16.78,13.13
BM Duckett,ODI,33,1307,1339,145,19,97.61,39.61,22.18
Mushfiqur Rahim,T20,82,1307,1168,110,33,111.9,15.94,19.5
Muhammad Tanveer,T20,42,1305,1021,88,78,127.82,31.07,26.74
Mashrafe Mortaza,ODI,121,1304,1609,108,42,81.04,10.78,15.2
Vikramjit Singh,ODI,45,1304,1872,143,16,69.66,28.98,16.45
MDK Perera,Test,42,1303,2782,158,23,46.84,31.02,14.68
M van Lingen,ODI,37,1300,1442,150,29,90.15,35.14,21.0
Taranjeet Singh,T20,40,1296,876,159,58,147.95,32.4,29.24
HC Brook,T20,54,1296,870,107,60,148.97,24.0,27.1
JM Anderson,Test,165,1290,3306,178,3,39.02,7.82,8.19
Shoaib Malik,Test,23,1288,2704,159,11,47.63,56.0,19.1
JL Smith,Test,20,1286,1725,138,30,74.55,64.3,24.83
SA Edwards,T20,75,1283,1034,100,32,124.08,17.11,20.99
HH Dippenaar,ODI,36,1283,1903,117,7,67.42,35.64,16.63
R Satheesan,T20,41,1279,938,133,63,136.35,31.2,27.51
LPC Silva,ODI,49,1279,1805,115,10,70.86,26.1,15.27
Manpreet Singh,T20,64,1275,1083,68,49,117.73,19.92,21.31
HM Amla,T20,43,1272,986,145,26,129.01,29.58,24.33
Asif Khan,ODI,37,1270,1606,103,42,79.08,34.32,19.57
S Samarawickrama,ODI,44,1268,1439,132,7,88.12,28.82,17.95
K Verreynne,Test,31,1266,2278,132,14,55.58,40.84,16.81
Sahibzada Farhan,T20,42,1266,953,107,65,132.84,30.14,26.62
NS Dhaliwal,T20,43,1265,975,104,55,129.74,29.42,25.49
HC Brook,ODI,36,1263,1235,112,55,102.27,35.08,23.39
DR Smith,ODI,74,1261,1430,120,48,88.18,17.04,17.76
Inzamam-ul-Haq,Test,20,1259,2353,155,4,53.51,62.95,20.72
Sabbir Rahman,ODI,55,1259,1395,147,21,90.25,22.89,18.01
Towhid Hridoy,ODI,35,1254,1555,80,26,80.64,35.83,18.82
PWA Mulder,Test,24,1253,2168,152,17,57.8,52.21,19.78
MH Cross,T20,68,1253,1105,111,29,113.39,18.43,19.89
C Munro,ODI,52,1249,1207,134,36,103.48,24.02,20.51
SR Mukkamalla,ODI,35,1244,1553,103,15,80.1,35.54,18.36
JD Ryder,ODI,36,1242,1294,141,33,95.98,34.5,21.61
Nasir Hossain,ODI,51,1240,1579,111,14,78.53,24.31,15.96
RR Rossouw,ODI,35,1239,1341,131,22,92.39,35.4,20.59
I Danladi,T20,55,1239,1101,110,35,112.53,22.53,20.92
J Da Silva,Test,33,1238,3021,127,7,40.98,37.52,13.86
JJ Smit,T20,59,1237,870,73,75,142.18,20.97,25.99
JW Jenner,T20,44,1233,894,100,49,137.92,28.02,25.76
A Vala,T20,53,1233,1088,108,38,113.33,23.26,21.3
Imran Farhat,ODI,44,1232,1909,140,9,64.54,28.0,15.09
GC Wilson,ODI,57,1232,1653,105,14,74.53,21.61,14.85
H Masakadza,T20,54,1230,1140,117,40,107.89,22.78,20.77
MJ Prior,ODI,57,1229,1652,132,6,74.39,21.56,14.72
Sami Sohail,T20,40,1228,1005,106,42,122.19,30.7,24.06
DJ Bravo,T20,72,1227,1101,72,54,111.44,17.04,20.25
IK Pathan,ODI,71,1226,1548,117,29,79.2,17.27,15.55
DW Steyn,Test,81,1226,2785,121,35,44.02,15.14,11.24
JM Kemp,ODI,55,1226,1473,77,53,83.23,22.29,17.88
Bilal Zalmai,T20,41,1224,832,128,68,147.12,29.85,28.69
Shahriar Nafees,ODI,52,1216,1817,163,2,66.92,23.38,14.34
PG Fulton,ODI,43,1216,1726,104,18,70.45,28.28,15.88
WA Young,Test,23,1215,2598,153,5,46.77,52.83,17.84
Aqib Ilyas,T20,50,1213,1031,113,41,117.65,24.26,22.23
KJ Coetzer,T20,52,1210,978,128,43,123.72,23.27,23.08
RS Morton,ODI,41,1205,1872,91,13,64.37,29.39,14.89
JN Frylinck,T20,60,1204,993,106,35,121.25,20.07,21.38
JD Campbell,Test,27,1202,2387,147,11,50.36,44.52,16.85
Saim Ayub,T20,58,1201,901,126,56,133.3,20.71,24.44
NLTC Perera,T20,72,1199,828,88,63,144.81,16.65,24.91
D Ndikubwimana,T20,71,1198,1473,108,17,81.33,16.87,14.89
GH Dockrell,ODI,72,1197,1475,97,26,81.15,16.62,15.18
Asif Khan,T20,50,1197,901,76,76,132.85,23.94,25.5
Zeeshan Maqsood,ODI,45,1196,1855,101,15,64.47,26.58,14.57
TP Ura,ODI,51,1196,1526,131,24,78.37,23.45,16.55
Zeeshan Maqsood,T20,55,1192,1022,119,42,116.63,21.67,21.7
Aqib Ilyas,ODI,29,1191,1648,113,12,72.27,41.07,18.41
MS Wade,T20,66,1191,917,94,46,129.88,18.05,22.48
GD Phillips,ODI,38,1191,1169,88,47,101.88,31.34,21.72
KD Kesuma,T20,66,1189,1113,129,44,106.83,18.02,20.02
Shahriar Nafees,Test,23,1188,2090,180,1,56.84,51.65,18.92
MM Ali,T20,72,1180,866,84,67,136.26,16.39,23.97
Abdul Waheed,T20,45,1180,945,118,37,124.87,26.22,23.3
VP Thamotharam,T20,52,1179,860,77,75,137.09,22.67,25.69
MDKJ Perera,Test,22,1177,1632,151,12,72.12,53.5,21.37
Raqibul Hasan,ODI,48,1177,1910,89,8,61.62,24.52,13.23
KP Pietersen,T20,36,1176,856,119,32,137.38,32.67,25.84
MJ North,Test,21,1171,2434,143,5,48.11,55.76,18.39
PM Siddle,Test,59,1164,2470,126,4,47.13,19.73,10.76
W Madhevere,T20,65,1164,1038,128,16,112.14,17.91,19.0
JDP Oram,Test,20,1158,2187,130,17,52.95,57.9,19.9
BFW de Leede,ODI,44,1155,1621,88,23,71.25,26.25,15.56
DS Airee,ODI,59,1154,1571,88,15,73.46,19.56,14.03
MD Shanaka,ODI,56,1153,1317,87,38,87.55,20.59,17.24
AR Patwa,T20,49,1151,1000,144,32,115.1,23.49,21.59
BRM Taylor,T20,49,1151,933,119,28,123.37,23.49,22.03
JA Raval,Test,24,1143,2675,143,1,42.73,47.62,15.84
RR Pant,T20,63,1142,954,103,41,119.71,18.13,21.03
BT Foakes,Test,25,1139,2416,108,7,47.14,45.56,15.83
Yuvraj Singh,T20,49,1136,858,77,72,132.4,23.18,24.99
CD McMillan,ODI,46,1129,1393,93,32,81.05,24.54,16.95
BN Cooper,T20,49,1127,934,109,32,120.66,23.0,21.66
GH Dockrell,T20,87,1123,865,81,46,129.83,12.91,21.17
P Utseya,ODI,97,1114,1935,76,11,57.57,11.48,10.03
DS Smith,Test,29,1112,2463,149,1,45.15,38.34,14.31
AD Russell,T20,71,1112,706,65,95,157.51,15.66,27.65
JEC Franklin,ODI,61,1107,1425,84,17,77.68,18.15,14.25
RW Chakabva,ODI,50,1106,1650,88,8,67.03,22.12,13.3
JDS Neesham,T20,77,1105,810,85,55,136.42,14.35,22.8
SS Iyer,T20,46,1104,829,90,44,133.17,24.0,23.78
BOP Fernando,Test,21,1104,2226,127,12,49.6,52.57,18.03
K Rabada,Test,70,1102,2139,139,20,51.52,15.74,11.49
CJ Anderson,ODI,43,1102,1044,85,55,105.56,25.63,21.31
Usman Patel,T20,56,1093,856,108,39,127.69,19.52,22.16
SR Taylor,ODI,45,1093,1439,125,24,75.96,24.29,16.2
SPD Smith,T20,54,1090,899,96,26,121.25,20.19,20.61
S Chandramohan,T20,46,1090,956,98,48,114.02,23.7,21.71
L Vincent,ODI,45,1089,1593,113,17,68.36,24.2,14.7
DM Nakrani,T20,64,1088,883,66,67,123.22,17.0,22.14
MJ Santner,T20,88,1087,867,88,42,125.37,12.35,20.34
MJ Santner,Test,28,1085,2310,121,32,46.97,38.75,15.97
PSP Handscomb,Test,20,1079,2236,125,1,48.26,53.95,17.46
F Behardien,ODI,49,1074,1114,79,25,96.41,21.92,17.63
DJ Malan,Test,22,1074,2627,147,1,40.88,48.82,15.82
SM Pollock,Test,25,1072,1774,123,13,60.43,42.88,17.36
Towhid Hridoy,T20,47,1071,899,69,39,119.13,22.79,21.23
NL McCullum,ODI,62,1070,1247,69,33,85.81,17.26,15.72
GJ Delany,T20,67,1069,806,82,49,132.63,15.96,22.24
S Muniandy,T20,81,1068,949,72,40,112.54,13.19,18.59
RP Arnold,ODI,55,1068,1537,71,5,69.49,19.42,12.6
I Liyanage,T20,41,1067,900,116,29,118.56,26.02,21.86
WW Hinds,ODI,38,1066,1626,90,21,65.56,28.05,15.02
Aftab Ahmed,ODI,55,1061,1451,116,22,73.12,19.29,14.58
Imran Anwar,T20,61,1056,878,64,71,120.27,17.31,22.0
IA Karim,T20,40,1055,1027,95,14,102.73,26.38,18.85
Basil Hameed,ODI,45,1051,1458,74,30,72.09,23.36,15.15
Luqman Butt,T20,34,1048,742,90,60,141.24,30.82,26.97
LD Chandimal,T20,61,1048,1032,89,21,101.55,17.18,17.17
DMW Rawlins,T20,34,1045,733,72,68,142.56,30.74,27.32
FDM Karunaratne,ODI,38,1044,1363,100,1,76.6,27.47,15.21
DP Sibley,Test,22,1042,3052,114,1,34.14,47.36,14.22
SM Katich,ODI,31,1041,1517,112,4,68.62,33.58,15.79
Zubaidi Zulkifle,T20,61,1039,760,103,53,136.71,17.03,23.41
MN Waller,ODI,51,1039,1383,106,10,75.13,20.37,14.19
Junaid Siddique,ODI,88,1038,1558,95,17,66.62,11.8,11.69
AD Russell,ODI,47,1034,805,94,57,128.45,22.0,23.51
Afif Hossain,T20,58,1031,888,79,36,116.1,17.78,19.76
JP Faulkner,ODI,51,1025,1018,82,29,100.69,20.1,17.99
PWH de Silva,ODI,53,1024,991,86,33,103.33,19.32,18.43
AP Yadav,T20,41,1024,1019,105,19,100.49,24.98,18.68
S Bau,T20,46,1023,942,88,31,108.6,22.24,19.57
Aizaz Khan,T20,79,1021,951,73,27,107.36,12.92,17.12
C Campher,T20,55,1018,830,80,30,122.65,18.51,20.36
JJ Smit,ODI,49,1018,1407,52,51,72.35,20.78,15.52
L Bruce,T20,41,1015,985,106,16,103.05,24.76,18.77
Milind Kumar,ODI,20,1011,1010,89,27,100.1,50.55,23.98
MD Patel,T20,40,1011,762,106,33,132.68,25.28,23.44
N Davin,T20,39,1007,752,109,34,133.91,25.82,23.79
ZE Green,ODI,44,1007,1351,105,12,74.54,22.89,14.68
RL Chase,ODI,48,1004,1303,73,14,77.05,20.92,14.27
Kushal Malla,T20,53,1001,793,56,68,126.23,18.89,22.69
J Baker,T20,27,1001,799,90,51,125.28,37.07,25.7
V Saini,T20,43,1000,819,89,23,122.1,23.26,20.94
H Klaasen,T20,53,1000,730,72,52,136.99,18.87,23.29
JP Inglis,T20,42,1000,650,104,39,153.85,23.81,26.02
KH Prajapati,ODI,35,996,1351,100,13,73.72,28.46,15.67
RG Mukasa,T20,46,993,827,112,31,120.07,21.59,21.11
O Tuyisenge,T20,68,988,1022,91,27,96.67,14.53,16.34
CL White,T20,44,988,755,71,44,130.86,22.45,22.78
JN Loftie-Eaton,ODI,44,986,1340,77,20,73.58,22.41,14.52
B Sharki,ODI,33,985,1477,95,7,66.69,29.85,14.68
C Kieswetter,ODI,38,985,1130,98,30,87.17,25.92,17.73
RW Chakabva,Test,20,984,2512,91,7,39.17,49.2,15.16
Tanzid Hasan,T20,40,982,795,90,45,123.52,24.55,22.61
HAM Shah,T20,30,982,845,92,27,116.21,32.73,22.37
JN Frylinck,ODI,45,978,1370,76,15,71.39,21.73,13.81
PD Salt,ODI,30,976,861,133,20,113.36,32.53,22.12
ADS Fletcher,T20,56,973,913,65,53,106.57,17.38,19.22
DS Smith,ODI,39,973,1379,99,9,70.56,24.95,14.31
K Motlanka,T20,44,969,990,98,19,97.88,22.02,17.6
O Manishimwe,T20,61,968,1112,91,24,87.05,15.87,15.24
Fawad Alam,ODI,35,966,1321,60,6,73.13,27.6,14.46
T Stubbs,T20,42,966,744,75,37,129.84,23.0,22.39
Kamran Akmal,T20,51,964,829,97,31,116.28,18.9,19.87
C Campher,ODI,30,963,1212,97,13,79.46,32.1,17.02
Muhammad Usman,T20,47,959,807,72,41,118.84,20.4,20.71
Nazmul Hossain Shanto,T20,44,959,913,88,19,105.04,21.8,18.28
JN Malan,ODI,22,958,1177,97,16,81.39,43.55,19.71
M Levitt,T20,29,957,690,83,52,138.7,33.0,26.42
MG Bracewell,ODI,37,956,905,77,43,105.64,25.84,20.38
Pargat Singh,ODI,26,956,1271,107,16,75.22,36.77,17.73
CJA Amini,ODI,45,952,1545,78,4,61.62,21.16,11.87
Usman Khan,T20,60,951,818,89,22,116.26,15.85,18.62
Ayan Khan,ODI,35,948,1294,87,15,73.26,27.09,15.22
Shaiman Anwar,ODI,30,947,1162,95,16,81.5,31.57,17.28
M Morkel,Test,71,944,1862,143,5,50.7,13.3,9.88
AU Rashid,ODI,81,941,1041,92,14,90.39,11.62,14.2
Iftikhar Ahmed,T20,51,941,746,66,42,126.14,18.45,21.16
J Liyanage,ODI,28,940,1134,71,25,82.89,33.57,18.03
JM How,ODI,33,939,1449,105,7,64.8,28.45,14.24
Sabbir Rahman,T20,43,939,816,88,29,115.07,21.84,20.04
G Singh,ODI,31,938,1155,86,17,81.21,30.26,16.91
Imad Wasim,ODI,39,937,860,87,19,108.95,24.03,19.15
RV Uthappa,ODI,41,934,1070,108,19,87.29,22.78,16.55
KOA Powell,ODI,41,934,1191,110,13,78.42,22.78,15.16
RAS Lakmal,Test,68,934,1940,114,12,48.14,13.74,9.66
MG Johnson,ODI,87,934,1002,80,22,93.21,10.74,14.65
Z Khan,Test,57,930,1817,109,22,51.18,16.32,11.04
CS MacLeod,T20,48,930,861,83,15,108.01,19.38,17.82
RR Hendricks,ODI,35,930,1211,98,9,76.8,26.57,15.32
LS Livingstone,T20,46,926,659,51,59,140.52,20.13,23.99
Habibul Bashar,ODI,49,926,1671,77,3,55.42,18.9,10.56
Chirag Suri,ODI,36,924,1472,95,13,62.77,25.67,13.62
H Lakov,T20,32,922,861,77,15,107.08,28.81,19.5
NT Broom,ODI,37,919,1168,78,10,78.68,24.84,14.98
Yasir Shah,Test,46,918,1951,105,10,47.05,19.96,10.52
G Gambhir,T20,34,918,803,108,10,114.32,27.0,20.14
WPUJC Vaas,Test,25,918,1929,107,3,47.59,36.72,13.57
Harbhajan Singh,ODI,85,917,1147,63,28,79.95,10.79,13.14
R Powell,ODI,45,915,1054,60,40,86.81,20.33,16.53
AP Rajeevan,T20,44,913,843,83,17,108.3,20.75,18.22
LS Livingstone,ODI,34,912,867,55,50,105.19,26.82,20.56
S Ravichandran,T20,43,911,782,85,20,116.5,21.19,19.5
BA Pai,T20,34,911,890,81,15,102.36,26.79,18.56
A Johnson,T20,31,910,645,85,60,141.09,29.35,26.4
S Davizi,T20,29,910,680,106,31,133.82,31.38,24.55
R Shepherd,T20,55,909,665,51,67,136.69,16.53,23.24
PR Surve,T20,35,909,807,71,28,112.64,25.97,20.25
Shadab Khan,T20,60,904,644,64,47,140.37,15.07,22.42
CP Rizwan,ODI,38,901,1573,64,2,57.28,23.71,11.49
Shoaib Khan,ODI,35,899,1118,86,15,80.41,25.69,15.73
E Dusingizimana,T20,52,898,845,89,32,106.27,17.27,18.19
SJ Modani,ODI,33,898,1460,78,5,61.51,27.21,13.06
NA Greenwood,T20,32,896,657,94,24,136.38,28.0,23.61
AT Nidamanuru,ODI,37,893,1003,60,31,89.03,24.14,17.02
A Kumble,Test,38,893,2230,114,4,40.04,23.5,10.12
PG Fulton,Test,21,892,2302,107,15,38.75,42.48,14.3
Muhammad Usman,ODI,34,888,1212,80,20,73.27,26.12,15.14
CV Anto,T20,42,886,614,56,66,144.3,21.1,25.06
Ishan Kishan,ODI,23,886,890,90,31,99.55,38.52,21.57
GC Smith,T20,31,884,738,110,21,119.78,28.52,21.72
MA Leask,T20,60,883,693,58,46,127.42,14.72,20.61
W Barresi,ODI,37,882,1184,97,12,74.49,23.84,14.59
JE Root,T20,29,881,719,91,15,122.53,30.38,21.83
BFW de Leede,T20,42,881,846,65,24,104.14,20.98,17.87
MS Chapman,ODI,26,880,848,84,30,103.77,33.85,21.0
JWA Taylor,ODI,25,879,1105,69,12,79.55,35.16,17.1
Yasim Murtaza,T20,59,879,766,63,38,114.75,14.9,18.71
Razmal Shigiwal,T20,32,875,650,74,36,134.62,27.34,23.65
IK Gamantika,T20,61,875,930,65,24,94.09,14.34,15.31
N Wagner,Test,58,875,1693,96,36,51.68,15.09,11.41
S Bau,ODI,49,874,1483,71,8,58.93,17.84,10.91
K Nassoro,T20,58,872,890,81,16,97.98,15.03,15.68
RR Pant,ODI,27,871,846,91,26,102.96,32.26,20.44
TT Bresnan,ODI,63,871,984,89,7,88.52,13.83,13.88
KD Mills,ODI,72,871,988,65,35,88.16,12.1,14.76
JO Holder,T20,65,869,638,51,59,136.21,13.37,22.04
Muhammad Asim,T20,31,868,668,87,39,129.94,28.0,23.55
B Lee,ODI,76,865,1087,51,24,79.58,11.38,12.76
KD Karthik,Test,20,863,1733,114,4,49.8,43.15,15.21
TD Paine,ODI,34,861,1250,94,6,68.88,25.32,13.79
AR Patel,ODI,49,858,969,53,31,88.54,17.51,15.49
S Dube,T20,43,857,592,54,56,144.76,19.93,24.24
JP Kotze,T20,45,855,740,85,40,115.54,19.0,20.0
Zeeshan Khan,T20,36,852,726,98,22,117.36,23.67,20.31
P Baron,T20,31,851,729,97,18,116.74,27.45,20.75
Aqib Iqbal,T20,45,850,737,66,27,115.33,18.89,18.96
Rameez Shahzad,ODI,25,848,1118,75,17,75.85,33.92,16.72
Shubman Gill,T20,35,846,634,93,26,133.44,24.17,22.51
L Tucker,ODI,43,844,1045,79,9,80.77,19.63,14.04
SSJ Brooks,ODI,29,842,1150,69,16,73.22,29.03,15.28
Naeem Islam,ODI,45,842,1246,73,12,67.58,18.71,12.35
GC Wilson,T20,49,840,847,73,12,99.17,17.14,15.87
Mohammad Naim,T20,35,839,827,74,18,101.45,23.97,17.87
CJA Amini,T20,43,836,732,69,22,114.21,19.44,18.67
Ahmad Ramdoni,T20,60,836,990,61,29,84.44,13.93,14.24
SR Taylor,T20,29,834,646,90,37,129.1,28.76,23.48
B Lee,Test,37,834,1638,105,11,50.92,22.54,11.45
Taijul Islam,Test,54,831,2184,92,2,38.05,15.39,7.76
TM Odoyo,ODI,35,830,1201,71,18,69.11,23.71,13.83
VS Solanki,ODI,33,829,1194,105,4,69.43,25.12,13.81
VVS Laxman,ODI,27,828,1142,80,1,72.5,30.67,14.79
SHT Kandamby,ODI,32,827,1198,68,0,69.03,25.84,13.18
AL Phehlukwayo,ODI,52,827,996,74,32,83.03,15.9,14.79
Mohammad Nadeem,ODI,34,827,1319,61,9,62.7,24.32,12.53
PJ Hughes,ODI,24,826,1118,91,5,73.88,34.42,16.08
V Aravind,T20,34,821,736,80,21,111.55,24.15,19.36
JA Rudolph,ODI,25,820,1228,81,1,66.78,32.8,14.52
Agha Salman,T20,45,819,683,76,26,119.91,18.2,19.41
SE Rutherford,T20,43,818,564,61,52,145.04,19.02,23.91
Sarfraz Ahmed,T20,40,818,671,79,16,121.91,20.45,19.57
KH Prajapati,T20,43,816,785,80,26,103.95,18.98,17.67
SM Curran,Test,23,815,1272,96,21,64.07,35.43,16.06
MR Adair,T20,63,814,647,55,39,125.81,12.92,19.52
RL Chase,T20,42,813,701,74,20,115.98,19.36,18.79
AR McBrine,ODI,47,812,1110,82,14,73.15,17.28,12.93
MA Wood,Test,38,811,1150,110,20,70.52,21.34,14.14
YK Pathan,ODI,41,810,736,62,43,110.05,19.76,19.29
Kushal Malla,ODI,34,801,925,65,46,86.59,23.56,17.4
MNM Aslam,T20,47,801,714,73,18,112.18,17.04,17.72
AV Lazarus,T20,36,799,721,64,29,110.82,22.19,19.09
MF Maharoof,ODI,60,799,991,60,17,80.63,13.32,12.9
AC Voges,ODI,27,798,956,57,7,83.47,29.56,15.89
RN Patel,T20,45,797,710,83,17,112.25,17.71,17.93
LA Dunbar,T20,30,795,716,67,44,111.03,26.5,20.87
Selim Salau,T20,32,793,741,74,18,107.02,24.78,18.64
CL Cairns,ODI,30,790,894,59,28,88.37,26.33,17.05
IO Okpe,T20,67,788,752,33,31,104.79,11.76,15.95
Sharjeel Khan,ODI,24,787,692,102,27,113.73,32.79,21.94
BJ McMullen,T20,29,787,565,63,39,139.29,27.14,24.08
DM de Silva,T20,44,786,723,68,15,108.71,17.86,17.2
C Green,ODI,27,782,890,64,20,87.87,28.96,17.12
G Mckeon,T20,27,782,594,68,37,131.65,28.96,23.46
RB Patel,T20,36,781,786,92,8,99.36,21.69,16.75
DR Flynn,Test,21,781,2008,104,1,38.89,37.19,12.27
G Malla,T20,34,780,659,63,34,118.36,22.94,20.4
I Sharma,Test,89,778,2560,87,1,30.39,8.74,5.3
Faheem Nazir,T20,22,775,557,91,23,139.14,35.23,25.13
Mohammad Nawaz,T20,55,774,584,62,41,132.53,14.07,20.72
KR Mayers,T20,39,773,592,69,51,130.57,19.82,22.3
SA Yadav,ODI,35,773,751,80,19,102.93,22.09,17.72
Misbah-ul-Haq,T20,32,771,720,45,26,107.08,24.09,18.55
JN Loftie-Eaton,T20,45,771,578,75,33,133.39,17.13,21.15
AGS Gous,T20,26,771,561,67,42,137.43,29.65,24.56
Sarfaraz Ali,T20,42,771,567,66,57,135.98,18.36,22.96
AS Joseph,Test,39,770,1359,83,28,56.66,19.74,12.17
E Chigumbura,T20,46,769,554,54,46,138.81,16.72,22.19
N Vanua,ODI,49,769,974,39,45,78.95,15.69,14.45
Sohaib Maqsood,ODI,27,768,935,59,19,82.14,28.44,16.18
Aaron Jones,T20,42,767,697,40,39,110.04,18.26,18.41
RR Rossouw,T20,27,767,498,69,39,154.02,28.41,26.18
YSD Seneveratne,T20,29,766,670,60,36,114.33,26.41,20.66
JP Inglis,ODI,28,766,736,77,22,104.08,27.36,19.03
Ahmed Hassan,T20,34,764,707,53,40,108.06,22.47,19.24
SA Okpe,T20,61,763,766,48,25,99.61,12.51,15.29
T Manders,T20,25,763,605,73,33,126.12,30.52,22.92
RP Burl,ODI,33,761,929,60,22,81.92,23.06,15.25
AG Prince,ODI,33,761,1126,50,4,67.58,23.06,12.35
CA Ingram,ODI,28,761,935,75,9,81.39,27.18,15.47
H Thaker,ODI,25,760,1161,46,13,65.46,30.4,14.02
R Ravindra,T20,45,759,578,60,32,131.31,16.87,20.57
TA Boult,Test,65,759,1267,82,30,59.91,11.68,11.04
Mohammad Nadeem,T20,45,756,753,45,20,100.4,16.8,15.92
DJ Hussey,T20,36,756,636,41,34,118.87,21.0,19.75
MG Bevan,ODI,25,755,1177,49,6,64.15,30.2,13.45
SKS Gill,T20,31,755,772,67,12,97.8,24.35,16.95
N Nipiko,T20,30,754,710,49,28,106.2,25.13,18.8
Tanzid Hasan,ODI,27,753,733,87,31,102.73,27.89,19.61
G Malla,ODI,33,753,1145,78,15,65.76,22.82,13.06
Mohammad Amir,Test,36,751,1981,91,3,37.91,20.86,8.78
W Madhevere,ODI,34,751,973,70,5,77.18,22.09,13.63
W Barresi,T20,37,750,661,65,21,113.46,20.27,18.51
Mohammed Shami,Test,56,750,1008,83,25,74.4,13.39,12.86
L Siaka,ODI,40,749,1013,72,10,73.94,18.73,12.87
JO Adedeji,T20,43,748,896,60,16,83.48,17.4,13.94
CG Williams,T20,31,746,698,62,21,106.88,24.06,18.43
AR Ramjani,T20,40,745,583,61,26,127.79,18.62,20.15
MRJ Watt,ODI,54,744,944,58,17,78.81,13.78,12.67
TC Barker,T20,34,743,632,80,18,117.56,21.85,19.35
Walid Ghauri,T20,25,743,637,71,23,116.64,29.72,20.98
SE Rutherford,ODI,20,743,745,62,36,99.73,37.15,21.04
Mohammad Ihsan,T20,22,743,463,62,51,160.48,33.77,28.59
C de Grandhomme,ODI,35,742,714,59,29,103.92,21.2,17.91
SJ Myburgh,T20,37,741,649,87,23,114.18,20.03,18.95
Chirag Suri,T20,28,740,654,77,17,113.15,26.43,19.63
CO Obuya,ODI,32,737,1040,58,15,70.87,23.03,13.44
SR Mukkamalla,T20,21,737,515,72,31,143.11,35.1,25.74
NR Kirton,T20,36,737,623,48,28,118.3,20.47,19.3
HH Streak,ODI,27,736,1106,58,9,66.55,27.26,13.42
Bilal Tahir,T20,49,732,551,45,50,132.85,14.94,21.16
H Thaker,T20,39,732,615,39,33,119.02,18.77,19.2
SF Mire,ODI,35,729,944,68,16,77.22,20.83,13.95
V Vijh,T20,38,727,691,50,25,105.21,19.13,17.28
Azyan Farhath,T20,32,726,908,53,11,79.96,22.69,14.17
Wahab Riaz,ODI,65,725,863,54,29,84.01,11.15,13.38
Khizer Ahmed,T20,36,724,644,70,22,112.42,20.11,18.44
Shaiman Anwar,T20,26,723,575,58,33,125.74,27.81,22.07
MEK Hussey,T20,30,721,542,58,25,133.03,24.03,21.74
WTS Porterfield,T20,41,720,723,77,14,99.59,17.56,16.01
Shaheryar Butt,T20,33,717,578,60,37,124.05,21.73,20.89
Basil Hameed,T20,46,715,571,36,38,125.22,15.54,19.53
MWR Stokes,T20,30,715,599,66,10,119.37,23.83,19.28
GO Jones,ODI,34,715,883,63,14,80.97,21.03,14.25
TG Southee,ODI,92,715,770,56,25,92.86,7.77,13.56
GO Jones,Test,20,715,1495,94,2,47.83,35.75,12.9
Shadab Khan,ODI,39,714,866,43,17,82.45,18.31,13.78
R Nehonde,T20,39,713,764,55,13,93.32,18.28,15.03
Aritra Dutta,T20,37,712,586,71,35,121.5,19.24,20.11
Mohammad Mithun,ODI,28,711,948,61,16,75.0,25.39,14.48
RS Bopara,T20,35,711,619,54,17,114.86,20.31,18.26
MK Pandey,T20,32,709,583,49,19,121.61,22.16,19.5
LJ Wright,ODI,39,707,838,63,18,84.37,18.13,14.29
R Ashwin,ODI,61,707,831,60,7,85.08,11.59,12.4
D Bishoo,Test,35,707,1904,70,4,37.13,20.2,8.26
Sompal Kami,ODI,46,706,944,51,16,74.79,15.35,12.3
JA Morkel,ODI,39,705,727,64,22,96.97,18.08,16.05
SO Tikolo,ODI,38,705,1097,75,6,64.27,18.55,11.41
Manan Ali,T20,35,704,499,33,52,141.08,20.11,23.11
KS Leverock,T20,25,701,479,61,41,146.35,28.04,25.09
JE Taylor,Test,39,701,1129,92,16,62.09,17.97,11.82
J Butler,T20,30,701,632,65,19,110.92,23.37,18.65
JG Bethell,T20,29,697,482,56,40,144.61,24.03,23.94
CJ Anderson,T20,34,697,576,40,35,121.01,20.5,19.87
Shahadat Hossain,Test,39,697,1553,91,7,44.88,17.87,9.18
Gulsan Jha,ODI,32,697,900,48,34,77.44,21.78,14.88
T Banton,T20,32,696,474,64,32,146.84,21.75,23.41
SM Curran,T20,49,696,556,40,32,125.18,14.2,18.94
PA Patel,ODI,29,693,884,75,7,78.39,23.9,14.24
Aamir Kaleem,T20,44,693,634,70,18,109.31,15.75,16.92
V Balakrishnan,T20,39,693,656,70,19,105.64,17.77,16.94
Jaker Ali,T20,38,692,579,36,39,119.52,18.21,19.4
Shayan Jahangir,ODI,27,691,774,74,10,89.28,25.59,16.06
MD Gunathilaka,T20,43,691,605,73,19,114.21,16.07,17.67
SW Billings,ODI,22,690,768,73,8,89.84,31.36,17.15
P Khadka,T20,28,690,560,74,25,123.21,24.64,20.84
AR Patel,T20,56,690,550,48,28,125.45,12.32,18.47
Saber Zakhil,T20,31,687,446,38,59,154.04,22.16,25.54
PWH de Silva,T20,72,687,580,68,12,118.45,9.54,16.41
DS Lehmann,ODI,20,687,870,56,5,78.97,34.35,16.03
KD Karthik,T20,47,686,503,71,28,136.38,14.6,20.55
KD Shah,T20,43,684,668,52,16,102.4,15.91,15.75
T Bharaj,T20,30,681,588,59,17,115.82,22.7,18.89
RD Rickelton,T20,28,680,478,52,38,142.26,24.29,23.52
Abdullah Shafique,ODI,26,679,899,62,17,75.53,26.12,14.71
AA Obanda,T20,37,678,590,83,23,114.92,18.32,18.56
B Arora,T20,39,676,794,63,17,85.14,17.33,14.13
L Yamamoto-Lake,T20,38,675,565,68,25,119.47,17.76,18.91
SJ Baard,T20,27,675,607,57,18,111.2,25.0,18.81
CK Kapugedera,T20,36,675,589,56,24,114.6,18.75,18.3
D Brevis,T20,27,674,432,38,54,156.02,24.96,26.04
NR Kumar,T20,31,673,543,48,25,123.94,21.71,19.97
C Chatphaisan,T20,51,673,683,61,21,98.54,13.2,15.12
IDM Latin,T20,30,672,536,58,29,125.37,22.4,20.64
R Mazumder,T20,28,671,630,76,9,106.51,23.96,17.76
H Carlyon,T20,36,671,571,67,24,117.51,18.64,18.77
MJ Henry,Test,29,670,859,90,21,78.0,23.1,15.0
T Bavuma,T20,35,670,574,62,16,116.72,19.14,18.25
TT Samaraweera,ODI,30,669,914,63,0,73.19,22.3,12.69
CJ Ferguson,ODI,25,663,795,64,0,83.4,26.52,14.79
ZE Green,T20,51,663,629,56,13,105.41,13.0,15.38
HJH Marshall,ODI,36,661,980,44,1,67.45,18.36,11.0
LJ Wright,T20,43,660,515,60,25,128.16,15.35,19.35
C Rububagumya,T20,61,660,824,41,10,80.1,10.82,11.5
KR Mayers,ODI,26,660,802,75,21,82.29,25.38,15.76
L Siaka,T20,48,659,595,53,21,110.76,13.73,16.59
PBB Rajapaksa,T20,37,657,527,52,29,124.67,17.76,19.53
DJ Willey,ODI,45,656,702,56,24,93.45,14.58,14.86
KJ Stagno,T20,24,656,389,41,56,168.64,27.33,28.18
SK Patel,ODI,20,655,869,68,6,75.37,32.75,15.44
CA Soper,ODI,47,653,1179,30,7,55.39,13.89,8.78
YBK Jaiswal,T20,20,651,412,77,32,158.01,32.55,27.04
Junaid Aziz,T20,44,649,638,40,31,101.72,14.75,16.08
GB Hogg,ODI,47,647,818,40,5,79.1,13.77,11.65
D Doyle-Calle,T20,29,647,502,45,34,128.88,22.31,21.13
CK Coventry,ODI,24,645,737,48,26,87.52,26.88,16.6
Abdur Razzak,ODI,79,644,880,47,17,73.18,8.15,10.58
DJM Short,T20,23,642,556,71,15,115.47,27.91,19.88
TB Robinson,T20,26,642,488,56,25,131.56,24.69,21.56
Rohan Mustafa,T20,41,641,609,66,14,105.25,15.63,16.05
Hamza Dar,T20,26,640,460,40,38,139.13,24.62,22.99
JEC Franklin,Test,20,639,1742,69,3,36.68,31.95,10.4
Yasir Ali,T20,33,638,663,50,17,96.23,19.33,15.65
R Chopra,T20,32,638,570,47,24,111.93,19.94,18.04
C Green,T20,25,635,439,49,36,144.65,25.4,23.82
Adil Butt,T20,20,635,393,68,38,161.58,31.75,27.51
Gulsan Jha,T20,43,635,480,33,46,132.29,14.77,20.54
Umar Adam,T20,35,632,480,51,37,131.67,18.06,20.85
JH Kallis,T20,22,632,530,56,18,119.25,28.73,20.46
SM Curran,ODI,30,632,713,42,22,88.64,21.07,15.25
Muhammad Muneeb,T20,27,632,572,77,18,110.49,23.41,18.61
PSP Handscomb,ODI,20,632,656,47,6,96.34,31.6,17.45
Ravinderpal Singh,T20,33,631,460,43,36,137.17,19.12,21.56
WG Jacks,T20,34,630,448,59,29,140.62,18.53,21.68
WG Jacks,ODI,21,629,619,56,20,101.62,29.95,18.67
Anjar Tadarus,T20,59,629,769,63,14,81.79,10.66,12.15
RM Dorji,T20,37,628,609,45,26,103.12,16.97,16.45
GW Flower,ODI,21,627,963,54,2,65.11,29.86,13.17
OH Agbomadzie,T20,34,626,697,47,14,89.81,18.41,14.46
R Obuya,T20,34,624,533,54,27,117.07,18.35,18.59
M Jansen,Test,21,624,1149,78,13,54.31,29.71,12.77
JN Mohammed,ODI,29,621,929,51,10,66.85,21.41,12.09
B George,T20,27,620,519,41,34,119.46,22.96,20.03
Khawar Ali,ODI,28,620,1080,55,6,57.41,22.14,10.91
SJ Harmison,Test,40,616,1014,84,9,60.75,15.4,10.52
ST Jayasuriya,T20,28,615,495,75,22,124.24,21.96,20.17
A Bagai,ODI,24,614,995,63,1,61.71,25.58,11.94
Karan KC,ODI,45,614,672,44,32,91.37,13.64,14.66
NR Kirton,ODI,23,613,829,42,15,73.94,26.65,14.16
Alok Kapali,ODI,37,613,910,51,8,67.36,16.57,11.06
Naseem Khushi,T20,34,612,384,39,47,159.38,18.0,24.58
Zeeshan Kukikhel,T20,22,611,441,69,26,138.55,27.77,23.21
JF Mooney,ODI,32,610,746,62,7,81.77,19.06,13.39
S Singh,T20,41,607,641,70,2,94.7,14.8,13.93
I Takahashi,T20,42,607,460,47,32,131.96,14.45,19.79
J Mees,T20,30,606,529,53,22,114.56,20.2,18.33
Khaled Mashud,ODI,36,605,1139,40,1,53.12,16.81,8.82
RJ Harris,Test,25,603,962,66,9,62.68,24.12,12.24
SA Ahmad,T20,30,601,586,55,13,102.56,20.03,16.35
D Wiese,T20,37,601,468,33,31,128.42,16.24,19.46
A Dizija,T20,27,601,559,56,24,107.51,22.26,18.04
C Madande,T20,36,599,520,48,19,115.19,16.64,17.45
Lakshit Gupta,T20,28,597,594,48,25,100.51,21.32,16.94
TWM Latham,T20,26,597,562,51,11,106.23,22.96,17.21
D Abeyrathna,T20,33,595,645,53,14,92.25,18.03,14.72
Aayan Afzal Khan,ODI,34,595,829,55,13,71.77,17.5,12.09
Afif Hossain,ODI,27,594,705,54,9,84.26,22.0,14.27
J Botha,ODI,49,594,718,53,3,82.73,12.12,11.75
BMAJ Mendis,ODI,42,593,741,45,12,80.03,14.12,12.22
TLW Cooper,T20,29,592,475,58,18,124.63,20.41,19.42
Adnan Akmal,Test,20,591,1343,73,0,44.01,29.55,10.63
CN Ackermann,T20,29,590,524,43,14,112.6,20.34,17.51
RK Singh,T20,34,590,432,52,32,136.57,17.35,20.97
JM Vince,ODI,21,590,682,73,3,86.51,28.1,15.67
SK Warne,Test,24,590,875,70,11,67.43,24.58,13.06
Saqlain Arshad,T20,35,589,479,73,17,122.96,16.83,18.64
N Vanua,T20,37,588,477,28,36,123.27,15.89,18.97
C Roberts,T20,23,586,573,46,4,102.27,25.48,16.75
RJ Nicol,ODI,21,586,805,53,13,72.8,27.9,14.26
PD Collingwood,T20,33,583,467,38,24,124.84,17.67,18.96
FH Allen,ODI,21,582,637,78,14,91.37,27.71,16.87
DR Smith,T20,32,582,484,62,31,120.25,18.19,19.22
DJG Sammy,T20,49,581,412,46,31,141.02,11.86,20.26
PHKD Mendis,T20,36,581,486,48,24,119.55,16.14,18.14
H Singh,T20,33,581,469,56,15,123.88,17.61,18.55
WPUJC Vaas,ODI,70,579,860,44,3,67.33,8.27,8.96
MA Starc,ODI,68,579,770,43,14,75.19,8.51,10.58
K Waiswa,T20,47,579,589,55,14,98.3,12.32,14.31
SB Styris,T20,29,578,493,40,25,117.24,19.93,18.56
BA Stokes,T20,34,576,457,41,22,126.04,16.94,18.87
DAS Gunaratne,ODI,25,575,743,50,6,77.39,23.0,13.38
D Ramdin,T20,46,574,502,49,18,114.34,12.48,16.43
WD Parnell,ODI,42,574,743,43,9,77.25,13.67,11.57
BJ Watling,ODI,24,573,860,58,3,66.63,23.88,12.19
A Mansale,T20,26,572,500,37,20,114.4,22.0,18.3
A Ashokan,T20,22,572,525,28,22,108.95,26.0,18.44
Waji Ul Hassan,T20,28,571,482,40,22,118.46,20.39,18.62
RL Powell,ODI,30,570,626,60,14,91.05,19.0,14.82
DAJ Bracewell,Test,26,568,1227,70,8,46.29,21.85,9.75
Hamza Khan,T20,25,566,563,42,20,100.53,22.64,16.8
JR Hazlewood,Test,59,565,1286,81,2,43.93,9.58,6.8
AS Samra,T20,23,564,420,44,28,134.29,24.52,21.76
RW Chakabva,T20,44,563,494,51,23,113.97,12.8,16.75
Aarif Sheikh,T20,37,562,520,54,12,108.08,15.19,15.92
IS Sodhi,Test,20,561,1197,68,7,46.87,28.05,10.97
B Ward,T20,30,561,448,32,30,125.22,18.7,19.44
JL Carter,ODI,26,560,778,48,10,71.98,21.54,12.62
TS Fray,T20,35,559,632,45,8,88.45,15.97,13.34
MK Pandey,ODI,23,558,624,45,5,89.42,24.26,14.95
PM Seelaar,T20,40,557,516,40,11,107.95,13.92,15.4
DD Ebrahim,ODI,28,555,1050,36,0,52.86,19.82,9.21
T Perera,T20,31,555,543,54,16,102.21,17.9,15.97
SR Bhudia,T20,35,554,467,49,17,118.63,15.83,17.54
D Myers,T20,29,553,444,51,17,124.55,19.07,18.94
M Jansen,ODI,26,553,508,44,25,108.86,21.27,17.83
MJ Lumb,T20,27,552,422,64,21,130.81,20.44,20.37
B Kumar,ODI,53,552,768,46,8,71.88,10.42,10.22
M Podosky,T20,32,551,508,45,28,108.46,17.22,17.15
Imal Zuwak,T20,28,550,535,52,13,102.8,19.64,16.19
Faheem Ashraf,T20,55,549,408,37,31,134.56,9.98,18.94
JA Morkel,T20,36,549,395,27,38,138.99,15.25,20.8
SM Sharif,ODI,48,548,746,38,8,73.46,11.42,10.5
Haider Ali,T20,42,548,454,45,23,120.7,13.05,17.52
N Deonarine,ODI,25,546,873,48,6,62.54,21.84,11.28
AR Naidoo,T20,26,544,553,44,15,98.37,20.92,15.91
Ayan Khan,T20,34,540,531,33,16,101.69,15.88,15.2
MR Swart,T20,20,539,472,45,14,114.19,26.95,18.99
AJ Mosca,T20,20,539,419,40,21,128.64,26.95,21.08
IA De Silva,T20,24,539,553,52,22,97.47,22.46,16.61
Raghav Dhawan,T20,20,539,512,41,15,105.27,26.95,17.91
D Kansonkho,T20,35,538,622,46,12,86.5,15.37,13.2
Parvez Hossain Emon,T20,27,537,425,45,35,126.35,19.89,20.24
LE Plunkett,ODI,47,536,503,46,15,106.56,11.4,15.01
L Louwrens,ODI,24,535,918,62,1,58.28,22.29,10.74
GD Arta,T20,48,535,602,31,29,88.87,11.15,13.41
Sandeep Goud,ODI,28,535,766,32,22,69.84,19.11,12.3
KC D'Souza,T20,24,535,359,32,37,149.03,22.29,23.42
G Stewart,T20,21,532,343,35,44,155.1,25.33,25.2
RE van der Merwe,T20,42,532,428,40,15,124.3,12.67,17.33
Umar Gul,Test,38,532,1087,55,20,48.94,14.0,8.93
Aman Desai,T20,33,531,481,49,15,110.4,16.09,16.45
Z Khan,ODI,59,531,758,47,16,70.05,9.0,10.16
J Mubarak,ODI,27,531,833,43,3,63.75,19.67,10.74
Imran Nazir,ODI,21,531,604,70,12,87.91,25.29,15.67
M Coetzee,T20,29,528,412,71,12,128.16,18.21,19.15
PHKD Mendis,ODI,26,527,663,40,13,79.49,20.27,13.29
Iftikhar Ahmed,ODI,21,527,497,47,16,106.04,25.1,17.75
CR Brathwaite,ODI,34,527,613,34,22,85.97,15.5,13.56
DJ Hawoe,T20,66,527,446,32,28,118.16,7.98,16.27
BM Duckett,T20,21,527,354,69,8,148.87,25.1,22.79
C Kieswetter,T20,24,526,474,47,23,110.97,21.92,18.11
Tenjin Rabgey,T20,35,526,635,44,14,82.83,15.03,12.76
PJ Cummins,ODI,57,525,652,42,12,80.52,9.21,11.17
T Jamtsho,T20,39,524,476,45,26,110.08,13.44,16.44
Mosaddek Hossain,ODI,31,524,655,46,11,80.0,16.9,12.64
T Nightingale,T20,28,523,419,47,19,124.82,18.68,18.91
SO Ngoche,T20,50,523,470,43,17,111.28,10.46,15.45
RJ Peterson,ODI,34,523,636,49,5,82.23,15.38,12.3
Abbas Ghani,T20,21,522,356,51,26,146.63,24.86,23.25
SSM Stanislaus,T20,29,521,525,37,20,99.24,17.97,15.58
K Doriga,ODI,33,520,927,46,11,56.09,15.76,9.5
PJ Moor,ODI,32,520,781,29,20,66.58,16.25,11.16
F Behardien,T20,30,518,416,37,16,124.52,17.27,18.28
MA Vermeulen,ODI,29,517,796,63,1,64.95,17.83,10.65
E Beukes,T20,32,517,430,32,33,120.23,16.16,18.44
TAM Siriwardana,ODI,24,516,539,39,13,95.73,21.5,15.48
CD Wallace,ODI,25,515,598,42,9,86.12,20.6,13.95
WAE Burton,T20,27,515,384,54,31,134.11,19.07,20.88
Mohammad Haris,T20,28,515,374,45,26,137.7,18.39,20.78
Rajin Saleh,ODI,26,515,1059,41,1,48.63,19.81,8.76
M Syahadat Ramli,T20,35,514,478,35,19,107.53,14.69,15.84
DC Smith,T20,30,514,448,47,18,114.73,17.13,17.3
MJ Richardson,T20,24,513,510,47,5,100.59,21.38,15.7
Arjun Vinod,T20,25,513,496,45,13,103.43,20.52,16.3
Mashrafe Mortaza,Test,20,513,732,57,17,70.08,25.65,13.66
Ahmed Aqeel,T20,27,513,438,27,19,117.12,19.0,17.76
CJ Chibhabha,T20,26,512,459,59,13,111.55,19.69,17.3
Jaspal Singh,T20,34,509,488,40,23,104.3,14.97,15.79
SCJ Broad,ODI,65,509,692,35,10,73.55,7.83,9.81
M Taylor,T20,28,508,582,47,23,87.29,18.14,14.45
SL Malinga,ODI,106,508,701,41,19,72.47,4.79,9.66
RA Jadeja,T20,38,508,421,38,14,120.67,13.37,16.92
MN Waller,T20,23,507,371,36,24,136.66,22.04,21.14
AG Cremer,ODI,49,507,897,33,1,56.52,10.35,7.71
M van Lingen,T20,26,507,450,61,13,112.67,19.5,17.42
Janak Prakash,T20,36,506,417,31,20,121.34,14.06,17.38
LV van Beek,ODI,31,505,610,34,15,82.79,16.29,12.9
C de Grandhomme,T20,38,505,383,27,30,131.85,13.29,19.02
OJ Hairs,T20,28,504,321,47,33,157.01,18.0,23.46
GR Adair,T20,21,503,377,48,28,133.42,23.95,21.51
W Niyitanga,T20,41,501,630,28,19,79.52,12.22,11.83
R Trumpelmann,ODI,40,501,637,34,21,78.65,12.52,11.98
J Rasu,T20,29,500,468,36,16,106.84,17.24,16.09
V Sibanda,T20,25,498,498,52,11,100.0,19.92,15.72
MJ Leach,Test,36,498,1335,64,2,37.3,13.83,6.53
Muhammad Amir,T20,41,495,507,49,10,97.63,12.07,13.76
Mominul Haque,ODI,22,495,671,54,1,73.77,22.5,12.5
Shamim Hossain,T20,32,495,409,43,18,121.03,15.47,17.66
Imran Nazir,T20,23,495,377,58,22,131.3,21.52,20.55
Nurul Hasan,T20,46,494,439,27,19,112.53,10.74,15.52
RA Sealy,T20,28,492,400,36,24,123.0,17.57,18.56
V Ganesan,T20,32,492,491,51,1,100.2,15.38,14.24
Mohammad Rafique,ODI,46,492,745,39,14,66.04,10.7,9.74
TP Visee,T20,30,491,351,67,17,139.89,16.37,20.39
S Jora,T20,32,490,418,27,22,117.22,15.31,17.17
B Niaz,T20,24,490,427,41,26,114.75,20.42,18.31
MPGT Ketiyage,T20,20,489,425,33,30,115.06,24.45,19.28
MJ Clarke,T20,28,488,490,29,10,99.59,17.43,14.79
Salman Butt,T20,21,488,469,58,6,104.05,23.24,16.66
JWM Dalrymple,ODI,26,487,677,32,3,71.94,18.73,11.34
R Bakum,T20,32,486,469,36,20,103.62,15.19,15.5
Talha Khan,T20,26,486,485,39,11,100.21,18.69,15.31
MO Kitunda,T20,39,485,527,40,15,92.03,12.44,13.3
I Niyomugabo,T20,24,485,515,48,7,94.17,20.21,14.77
OGL Bascome,T20,28,485,370,35,33,131.08,17.32,19.98
PW Borren,T20,28,485,381,51,13,127.3,17.32,18.6
R McLaren,ODI,41,485,696,42,6,69.68,11.83,9.98
ND Laegsgaard,T20,25,484,343,41,29,141.11,19.36,21.46
LM Jongwe,T20,43,483,405,42,14,119.26,11.23,16.34
J Mosca,T20,23,483,345,54,16,140.0,21.0,21.09
SJ Benn,Test,23,482,799,58,13,60.33,20.96,11.28
JDP Oram,T20,30,482,350,38,23,137.71,16.07,20.01
SR Patel,ODI,22,482,532,37,12,90.6,21.91,14.81
N Dickwella,T20,26,480,374,61,9,128.34,18.46,18.85
MB Kruger,T20,30,480,451,51,15,106.43,16.0,15.91
A Limdawala,T20,30,479,556,40,13,86.15,15.97,13.17
SW Billings,T20,33,478,377,41,16,126.79,14.48,18.0
Karan KC,T20,47,478,321,21,40,148.91,10.17,20.92
NK Patel,ODI,32,477,701,34,8,68.05,14.91,10.39
M Campopiano,T20,22,477,411,39,14,116.06,21.68,17.99
Sher Sahak,T20,29,476,365,29,27,130.41,16.41,19.29
GJ Bailey,T20,26,475,350,37,20,135.71,18.27,20.01
GP Swann,ODI,47,475,525,46,4,90.48,10.11,12.09
K Mishara,T20,21,473,377,45,20,125.46,22.52,19.72
L Lamin,T20,36,473,521,30,20,90.79,13.14,13.43
KTGD Prasad,Test,23,473,870,54,8,54.37,20.57,10.13
US Hathinjar,T20,28,472,440,41,24,107.27,16.86,16.55
Hammad Mirza,T20,26,472,449,40,14,105.12,18.15,15.96
S Lamichhane,ODI,41,472,532,40,9,88.72,11.51,12.35
Saad Bin Zafar,T20,33,471,388,38,16,121.39,14.27,17.25
Sahil Chauhan,T20,20,471,271,25,43,173.8,23.55,26.84
SA Jumbe,T20,46,470,469,34,23,100.21,10.22,14.21
A Sharma,ODI,22,470,633,57,8,74.25,21.36,12.74
A Ferguson,T20,24,469,528,53,2,88.83,19.54,13.75
J Bangura,T20,35,468,617,36,5,75.85,13.37,10.88
S Movva,ODI,22,468,743,30,4,62.99,21.27,10.76
Javed Omar,ODI,20,468,967,54,2,48.4,23.4,9.62
MA Ouma,ODI,26,468,855,49,2,54.74,18.0,9.24
CH Morris,ODI,27,467,474,36,15,98.52,17.3,14.99
JEC Franklin,T20,31,463,398,28,23,116.33,14.94,17.02
Shayan Jahangir,T20,21,463,353,41,18,131.16,22.05,20.14
Umer Imtiaz,T20,31,462,427,37,25,108.2,14.9,16.26
AS Joseph,ODI,44,461,623,35,21,74.0,10.48,10.96
Imad Wasim,T20,46,459,339,50,10,135.4,9.98,17.89
JD Ryder,T20,21,457,369,47,18,123.85,21.76,19.26
AR Nurse,ODI,35,454,464,40,12,97.84,12.97,13.9
GS Ballance,ODI,20,454,647,37,1,70.17,22.7,11.82
Khawar Ali,T20,27,452,456,47,14,99.12,16.74,15.02
C Karunaratne,ODI,24,451,589,32,8,76.57,18.79,12.15
P Mishra,T20,36,451,424,27,35,106.37,12.53,15.98
Saeed Ajmal,Test,32,451,1085,44,4,41.57,14.09,6.88
M Akayezu,T20,62,451,406,28,25,111.08,7.27,14.94
PL Harris,Test,32,450,1330,47,3,33.83,14.06,5.92
Naved-ul-Hasan,ODI,42,449,519,31,14,86.51,10.69,12.05
R Shepherd,ODI,29,449,445,40,17,100.9,15.48,15.05
MR Adair,ODI,34,448,421,34,21,106.41,13.18,15.41
JP Kotze,ODI,25,448,682,43,7,65.69,17.92,10.73
Shoaib Khan,T20,36,447,436,39,18,102.52,12.42,14.68
P Useni,T20,46,445,316,22,31,140.82,9.67,19.29
D Gumyusenge,T20,30,445,456,36,18,97.59,14.83,14.52
Ghulam Shabber,ODI,20,444,716,43,3,62.01,22.2,10.91
Umar Gul,ODI,62,442,648,35,13,68.21,7.13,9.1
Hussain Talat,T20,22,441,401,41,5,109.98,20.05,16.39
MB Kruger,ODI,21,438,665,36,6,65.86,20.86,11.18
Ali Masood,T20,24,436,451,42,9,96.67,18.17,14.63
H Hiri,ODI,32,435,794,30,5,54.79,13.59,8.24
L Canessane,T20,34,434,395,37,13,109.87,12.76,15.31
MG Bracewell,T20,29,434,343,36,17,126.53,14.97,17.99
UT Yadav,Test,47,434,863,40,22,50.29,9.23,7.92
A Sharafu,ODI,26,433,616,43,10,70.29,16.65,11.19
S Wickramasekara,T20,22,431,340,32,22,126.76,19.59,19.17
VD Adewoye,T20,41,431,371,35,19,116.17,10.51,15.94
Pargat Singh,T20,21,430,379,39,14,113.46,20.48,17.37
JP Greaves,ODI,20,429,478,38,9,89.75,21.45,14.39
Faisal Mubashir,T20,20,428,435,33,6,98.39,21.4,15.19
Younis Khan,T20,21,428,347,31,12,123.34,20.38,18.33
IKEG Artawan,T20,58,426,464,39,13,91.81,7.34,12.05
Khushdil Shah,T20,30,425,421,26,20,100.95,14.17,14.75
Hassan Nawaz,T20,21,424,277,22,33,153.07,20.19,22.98
CJ Jordan,T20,51,424,332,29,21,127.71,8.31,16.92
S Periyalwar,T20,31,424,446,46,3,95.07,13.68,13.23
KC Ramamoorthy,T20,26,424,409,37,17,103.67,16.31,15.48
S Thakor,T20,41,423,316,41,21,133.86,10.32,18.23
IDA Damarell,T20,24,423,394,45,8,107.36,17.62,15.79
S Prasanna,ODI,35,421,460,29,26,91.52,12.03,13.55
S Nadigotla,T20,27,421,390,36,13,107.95,15.59,15.61
SMA Priyanjan,ODI,20,420,533,47,3,78.8,21.0,12.73
A Kirschbaum,T20,29,420,429,32,6,97.9,14.48,13.72
VB Chikkannaiah,T20,20,416,442,30,12,94.12,20.8,14.83
Milind Kumar,T20,21,416,401,25,9,103.74,19.81,15.57
MW Short,T20,22,416,284,40,20,146.48,18.91,21.41
JJ Huo,T20,21,415,364,40,14,114.01,19.76,17.29
R Rohan,T20,27,414,432,43,12,95.83,15.33,14.12
Namgay Thinley,T20,37,414,417,29,20,99.28,11.19,13.97
S Thanikaithasan,T20,25,413,353,29,15,117.0,16.52,16.91
HJ Manenti,T20,21,412,373,35,11,110.46,19.62,16.59
NP Kenjige,ODI,40,410,590,26,5,69.49,10.25,9.27
OE Robinson,Test,20,410,737,50,2,55.63,20.5,9.79
Mehedi Hasan Miraz,T20,28,410,363,36,10,112.95,14.64,15.84
J Barker,T20,26,409,461,29,2,88.72,15.73,12.57
Mahedi Hasan,T20,43,408,418,29,14,97.61,9.49,13.08
W Miyauchi,T20,25,408,416,36,3,98.08,16.32,13.97
Faheem Ashraf,ODI,30,408,491,36,13,83.1,13.6,12.18
WU Tharanga,T20,26,407,348,42,12,116.95,15.65,16.72
DM Bravo,T20,22,405,400,32,14,101.25,18.41,15.35
BJ Haddin,T20,29,404,361,30,13,111.91,13.93,15.66
GF Linde,T20,26,403,286,27,22,140.91,15.5,19.97
VS Padhaal,T20,25,401,414,36,8,96.86,16.04,14.04
K Rabada,ODI,44,401,514,30,12,78.02,9.11,10.51
Vikramjit Singh,T20,27,400,362,33,17,110.5,14.81,15.93
HH Gibbs,T20,23,400,333,45,12,120.12,17.39,17.49
S Desungnoen,T20,39,399,497,35,11,80.28,10.23,11.02
Sohail Tanvir,ODI,38,399,468,44,6,85.26,10.5,11.51
Ibrahim Rahimi,T20,20,397,252,18,37,157.54,19.85,23.59
JK Vifah,T20,28,396,382,39,9,103.66,14.14,14.58
V Shukla,T20,21,396,287,35,15,137.98,18.86,19.98
D Suzuki,T20,40,396,402,39,6,98.51,9.9,12.93
Abdur Rehman,Test,21,395,933,47,9,42.34,18.81,8.17
Aslam Khan,T20,23,394,258,40,28,152.71,17.13,22.23
Ahmed Raza,ODI,36,391,645,28,8,60.62,10.86,8.48
ZM Tribe,T20,25,390,383,34,7,101.83,15.6,14.46
Usman Khalid,T20,26,389,354,30,15,109.89,14.96,15.71
DN Wellalage,ODI,25,389,487,29,10,79.88,15.56,11.89
Abdul Razzaq,T20,28,388,341,21,21,113.78,13.86,16.19
AJ Hall,ODI,28,387,464,30,6,83.41,13.82,11.75
G Singh,T20,22,383,371,28,13,103.23,17.41,15.25
T Munyonga,T20,35,382,374,28,9,102.14,10.91,13.58
Hasan Ali,Test,23,382,533,34,20,71.67,16.61,11.73
Mohammad Ashraful,T20,20,382,285,41,11,134.04,19.1,19.39
CS Baugh,ODI,27,382,563,30,4,67.85,14.15,9.81
Sompal Kami,T20,46,380,351,27,15,108.26,8.26,14.12
Gaurav Tiwari,T20,22,380,398,34,10,95.48,17.27,14.18
JS Patel,Test,21,379,692,44,3,54.77,18.05,9.13
D Ajekun,T20,32,379,534,32,2,70.97,11.84,9.63
D Heyliger,T20,36,379,236,24,26,160.59,10.53,21.52
XM Marshall,ODI,26,379,677,41,4,55.98,14.58,8.59
J Coetzee,T20,22,378,361,24,14,104.71,17.18,15.38
A Zampa,ODI,57,378,591,32,2,63.96,6.63,7.73
Shahid Wasif,T20,25,378,367,29,10,103.0,15.12,14.6
WIA Fernando,T20,37,377,421,28,8,89.55,10.19,11.84
Hasan Ali,ODI,38,377,334,28,23,112.87,9.92,15.48
AK Mohan,T20,22,377,450,24,15,83.78,17.14,12.88
M Shumba,T20,25,376,342,23,13,109.94,15.04,15.51
S Movva,T20,22,376,370,29,8,101.62,17.09,14.71
Hisham Sheikh,T20,23,375,421,20,3,89.07,16.3,12.62
AM Rahane,T20,20,375,347,32,6,108.07,18.75,15.75
SA Abbott,ODI,21,374,397,32,13,94.21,17.81,14.27
T Tshose,T20,35,374,345,20,19,108.41,10.69,14.75
Adnan Idrees,T20,29,374,298,48,15,125.5,12.9,17.42
Ehsan Khan,T20,53,373,347,21,15,107.49,7.04,13.69
AA Onikoyi,T20,26,372,435,26,12,85.52,14.31,12.37
Washington Sundar,ODI,20,372,459,25,11,81.05,18.6,12.62
R Lutaaya,T20,24,371,298,42,9,124.5,15.46,17.38
M Ntini,Test,48,370,849,48,4,43.58,7.71,5.79
P Sharma,T20,25,369,376,41,7,98.14,14.76,13.91
S Pradhan,T20,26,367,429,41,4,85.55,14.12,12.08
B Masaba,T20,34,366,385,37,6,95.06,10.76,12.62
Raza Iqbal,T20,26,366,348,42,8,105.17,14.08,14.69
DW Steyn,ODI,51,365,592,35,9,61.66,7.16,7.98
Pyae Phyo Wai,T20,28,365,492,22,6,74.19,13.04,10.34
Zahir Mohammed,T20,28,365,279,29,22,130.82,13.04,18.22
KM Dabengwa,ODI,23,364,631,20,6,57.69,15.83,8.87
SP Narine,ODI,42,363,455,36,12,79.78,8.64,10.66
B Bhandari,T20,26,363,314,29,16,115.61,13.96,16.22
Mohammad Amir,ODI,30,363,457,32,8,79.43,12.1,11.03
DA Blignaut,T20,25,362,406,18,15,89.16,14.48,12.9
DM Gondaria,T20,20,362,331,37,5,109.37,18.1,15.77
DT Johnston,ODI,29,361,473,27,8,76.32,12.45,10.65
A Shreshta,T20,20,361,376,34,5,96.01,18.05,14.09
Naseem Khushi,ODI,24,360,335,24,19,107.46,15.0,15.53
G Kansonkho,T20,29,360,423,36,3,85.11,12.41,11.55
NM Odhiambo,T20,31,359,351,25,12,102.28,11.58,13.83
L Ronchi,T20,25,359,263,30,14,136.5,14.36,18.73
S Hook,T20,23,359,372,28,15,96.51,15.61,14.15
Shah Abrar Hussain,T20,20,358,364,21,19,98.35,17.9,14.97
G Motie,ODI,22,357,366,37,15,97.54,16.23,14.52
T Thushara,ODI,23,357,386,31,7,92.49,15.52,13.23
E Sebareme,T20,40,356,368,22,11,96.74,8.9,12.52
P Silas,T20,29,356,351,27,4,101.42,12.28,13.43
Saad Bin Zafar,ODI,25,356,483,32,4,73.71,14.24,10.53
CN Greaves,ODI,22,355,414,31,8,85.75,16.14,12.59
BW Hilfenhaus,Test,22,355,657,49,5,54.03,16.14,8.8
Surya Anand,T20,21,355,340,12,13,104.41,16.9,15.04
MC Henriques,T20,21,355,292,17,15,121.58,16.9,17.3
JJ Atkinson,T20,24,354,312,35,11,113.46,14.75,15.9
S Austin,T20,23,354,372,28,5,95.16,15.39,13.37
AB Agarkar,ODI,37,352,552,26,6,63.77,9.51,8.4
CK Jasmat,T20,22,350,333,25,17,105.11,15.91,15.32
J Singye,T20,22,349,485,16,5,71.96,15.86,10.47
Sazib Bhuiyan,T20,23,349,273,40,13,127.84,15.17,17.9
Mukhtar Ghulami,T20,23,348,316,31,16,110.13,15.13,15.79
JJ Bumrah,Test,47,348,847,38,11,41.09,7.4,5.66
O Olaleye,T20,23,347,364,29,8,95.33,15.09,13.5
Ikramullah Khan,T20,26,347,309,31,12,112.3,13.35,15.47
K Hinds,T20,26,346,346,24,20,100.0,13.31,14.33
JA Warrican,Test,22,345,618,31,8,55.83,15.68,8.84
TC Bruce,T20,21,344,290,26,10,118.62,16.38,16.66
GP Meade,T20,29,343,352,24,9,97.44,11.83,13.09
SK Awiah,T20,25,343,459,28,5,74.73,13.72,10.53
Shaheen Shah Afridi,T20,40,343,282,19,25,121.63,8.57,16.22
DT Tiripano,ODI,26,343,535,27,8,64.11,13.19,9.29
S Chanderpaul,T20,22,343,357,34,5,96.08,15.59,13.58
Najjam Shahzad,T20,22,342,279,27,19,122.58,15.55,17.5
BR McDermott,T20,23,342,347,17,13,98.56,14.87,13.97
Mohammad Rizlan,T20,23,341,299,21,21,114.05,14.83,16.35
A Patmore,T20,24,338,385,35,0,87.79,14.08,11.99
R Rampaul,ODI,35,338,450,31,13,75.11,9.66,10.25
GK Ghalley,T20,30,338,366,23,15,92.35,11.27,12.68
Arslan Amjad,T20,23,337,327,25,16,103.06,14.65,14.74
Haroon Arshad,T20,24,336,262,26,9,128.24,14.0,17.28
K Irakoze,T20,40,335,324,20,17,103.4,8.38,13.51
Zain Ul Abidin,T20,31,335,305,18,17,109.84,10.81,14.76
V Mbazo,T20,33,332,390,22,6,85.13,10.06,11.03
Muhammad Umar,T20,21,331,292,12,22,113.36,15.76,16.38
MM Baig,T20,25,331,273,17,20,121.25,13.24,16.78
SN Thakur,ODI,24,329,321,31,9,102.49,13.71,14.15
R Hekure,ODI,22,328,436,26,6,75.23,14.91,10.84
MH Yardy,ODI,24,326,490,20,1,66.53,13.58,9.15
KA Maharaj,ODI,31,324,418,37,4,77.51,10.45,10.25
Saeed Ajmal,ODI,66,323,539,25,0,59.93,4.89,6.61
A Gbla,T20,29,322,322,21,13,100.0,11.1,13.41
G Ngegba,T20,20,322,329,32,3,97.87,16.1,13.73
A Dananjaya,ODI,29,321,446,29,3,71.97,11.07,9.54
HER Tyler,T20,26,319,257,30,17,124.12,12.27,16.92
MRJ Watt,T20,37,319,284,28,7,112.32,8.62,14.16
R Mutumbami,ODI,23,319,447,36,5,71.36,13.87,10.23
M Muralitharan,ODI,64,317,386,30,7,82.12,4.95,9.78
E Niyomugabo,T20,35,317,331,18,11,95.77,9.06,12.33
NJ O'Brien,T20,20,316,331,25,6,95.47,15.8,13.45
Farhad Reza,ODI,25,316,522,34,6,60.54,12.64,8.69
RW Price,ODI,44,315,541,26,4,58.23,7.16,7.09
LM Jongwe,ODI,28,315,398,31,5,79.15,11.25,10.58
JA Fitzgerald,T20,30,315,237,14,20,132.91,10.5,17.59
W Boshoff,T20,20,314,351,17,7,89.46,15.7,12.65
LN Oluoch,T20,35,311,298,23,10,104.36,8.89,13.34
BM Scholtz,ODI,41,310,483,24,4,64.18,7.56,7.86
Shaheen Shah Afridi,ODI,37,310,362,26,13,85.64,8.38,11.17
AJ Hosein,ODI,30,309,409,18,12,75.55,10.3,10.17
KAJ Roach,ODI,52,308,610,24,6,50.49,5.92,5.98
Mohamed Rishwan,T20,24,308,377,25,12,81.7,12.83,11.51
Nasir Hossain,T20,20,308,288,24,5,106.94,15.4,14.68
Shiraz Khan,T20,28,308,335,13,14,91.94,11.0,12.34
Wahab Riaz,Test,27,306,729,32,5,41.98,11.33,6.08
ADS Fletcher,ODI,23,305,503,36,6,60.64,13.26,8.84
F Banunaek,T20,37,305,385,22,6,79.22,8.24,9.91
T Musekiwa,T20,31,303,231,24,12,131.17,9.77,16.89
TG Southee,T20,46,303,224,20,18,135.27,6.59,17.04
R Trumpelmann,T20,30,302,254,20,16,118.9,10.07,15.63
DO Obuya,ODI,23,302,583,25,3,51.8,13.13,7.42
AR White,ODI,23,301,498,23,0,60.44,13.09,8.26
Amjad Sher,T20,29,301,267,19,13,112.73,10.38,14.76
A Nel,Test,22,300,600,37,5,50.0,13.64,7.57
S Vijay Unni,T20,36,300,355,22,5,84.51,8.33,10.5
NL McCullum,T20,38,299,310,19,8,96.45,7.87,11.99
J Sumerauer,T20,26,299,223,20,12,134.08,11.5,17.53
Shantanu Kaveri,T20,24,298,393,17,1,75.83,12.42,9.97
HA Jackson,T20,23,298,378,22,4,78.84,12.96,10.68
K Doriga,T20,28,298,297,18,10,100.34,10.64,13.12
Mosaddek Hossain,T20,26,296,277,19,10,106.86,11.38,14.07
AM Kimote,T20,39,295,317,24,6,93.06,7.56,11.46
NM Hauritz,ODI,27,295,317,20,6,93.06,10.93,12.09
Y Saranonnakkun,T20,39,294,362,23,10,81.22,7.54,10.23
FA Allen,T20,28,293,220,20,21,133.18,10.46,17.72
Jasdeep Singh,ODI,26,293,427,19,9,68.62,11.27,9.34
AJ Hosein,T20,36,293,268,18,15,109.33,8.14,13.99
BJ McCarthy,T20,34,293,253,19,16,115.81,8.62,14.94
P Kumar,ODI,33,292,338,25,7,86.39,8.85,10.98
PVD Chameera,ODI,36,292,502,22,3,58.17,8.11,7.13
KK Lin Thu,T20,29,291,444,25,3,65.54,10.03,8.45
DR Patankar,T20,22,291,309,30,6,94.17,13.23,12.81
Mashrafe Mortaza,T20,35,291,230,26,15,126.52,8.31,16.21
Thuya Aung,T20,29,291,518,20,5,56.18,10.03,7.36
Omar Rassol,T20,20,291,270,23,18,107.78,14.55,15.32
SMSM Senanayake,ODI,33,290,321,31,6,90.34,8.79,11.47
C Brennan,T20,22,289,257,18,13,112.45,13.14,15.25
CR Brathwaite,T20,25,289,267,13,19,108.24,11.56,14.7
S Veerapathiran,T20,30,289,246,19,16,117.48,9.63,15.34
Sahir Naqash,T20,22,288,219,18,11,131.51,13.09,17.44
AM Blignaut,ODI,20,284,264,33,5,107.58,14.2,14.61
M Theekshana,ODI,30,284,580,19,1,48.97,9.47,6.12
Khaled Mahmud,ODI,26,283,483,21,2,58.59,10.88,7.66
C Munoz-Mills,T20,24,280,221,23,12,126.7,11.67,16.68
Fanyan Mughal,T20,23,279,276,23,14,101.09,12.13,13.78
ST Finn,Test,31,279,902,36,0,30.93,9.0,4.0
NO Miller,ODI,26,279,362,23,4,77.07,10.73,10.01
CN Greaves,T20,25,278,270,22,7,102.96,11.12,13.39
AC Agar,T20,28,277,285,19,9,97.19,9.89,12.51
Ali Naseer,T20,24,277,225,18,11,123.11,11.54,16.09
Ali Nayyer,T20,20,275,223,15,13,123.32,13.75,16.63
Mohammad Naveed,ODI,27,275,267,23,16,103.0,10.19,13.73
M Muralitharan,Test,28,275,355,29,10,77.46,9.82,10.29
SS McKechnie,T20,23,273,287,20,3,95.12,11.87,12.32
C Karunaratne,T20,33,272,266,13,11,102.26,8.24,12.82
PWA Mulder,ODI,21,272,308,27,3,88.31,12.95,11.8
FH Edwards,Test,34,271,918,32,1,29.52,7.97,3.61
MJ Henry,ODI,37,270,298,22,11,90.6,7.3,11.34
T Rossi,T20,21,270,242,15,13,111.57,12.86,15.02
Rizwan Butt,T20,42,270,242,7,20,111.57,6.43,14.02
Anoop Orsu,T20,22,269,235,20,13,114.47,12.23,15.31
Noman Amjad,T20,29,269,273,14,7,98.53,9.28,12.36
P Aho,T20,34,268,245,19,6,109.39,7.88,13.41
Sohaib Maqsood,T20,20,268,238,20,11,112.61,13.4,15.2
G Toka,ODI,21,268,496,21,2,54.03,12.76,7.46
M Morkel,ODI,42,268,364,24,7,73.63,6.38,8.89
R Abdulkareem,T20,30,267,322,19,9,82.92,8.9,10.57
AT Carey,T20,28,267,250,23,7,106.8,9.54,13.54
RE van der Merwe,ODI,26,267,302,17,7,88.41,10.27,11.37
Mohammad Saifuddin,T20,22,266,238,21,10,111.76,12.09,14.79
Rafiullah,T20,22,265,160,13,26,165.62,12.05,22.13
Rubel Hossain,Test,27,265,603,34,4,43.95,9.81,5.93
Washington Sundar,T20,23,265,212,21,14,125.0,11.52,16.51
BA Carse,ODI,21,264,341,16,9,77.42,12.57,10.59
AR Cusack,ODI,23,264,422,23,2,62.56,11.48,8.26
MJ Hoggard,Test,31,263,1132,28,0,23.23,8.48,2.83
Mehran Khan,T20,32,262,257,14,12,101.95,8.19,12.83
R Tari,T20,26,262,256,11,9,102.34,10.08,13.05
UDU Chandana,ODI,20,261,397,19,2,65.74,13.05,8.9
KH Abe,T20,21,260,227,16,13,114.54,12.38,15.28
Waqas Barkat,T20,25,259,286,20,0,90.56,10.36,11.28
IDR Bradshaw,ODI,25,259,423,18,4,61.23,10.36,7.91
Z Bimenyimana,T20,44,258,222,15,15,116.22,5.86,14.28
JE Taylor,ODI,38,258,300,29,5,86.0,6.79,10.41
A Natubhai Ahir,T20,20,257,283,17,12,90.81,12.85,12.45
Sheraz Sheikh,T20,24,257,276,12,18,93.12,10.71,12.57
Shaheen Shah Afridi,Test,28,256,599,33,5,42.74,9.14,5.68
I Udana,T20,24,256,191,16,14,134.03,10.67,17.36
Ritik Tomar,T20,21,255,238,21,9,107.14,12.14,14.17
JM Anderson,ODI,64,254,514,22,0,49.42,3.97,5.02
Sayed Monib,T20,24,253,144,14,22,175.69,10.54,22.82
Yasin Patel,T20,29,253,298,10,8,84.9,8.72,10.57
Khizar Hayat,T20,29,253,270,15,5,93.7,8.72,11.54
S Sreesanth,Test,25,252,485,34,4,51.96,10.08,6.94
NM Coulter-Nile,ODI,20,252,275,20,6,91.64,12.6,12.19
Tushar Imran,ODI,21,250,477,27,1,52.41,11.9,7.09
SR Clark,Test,21,248,355,22,6,69.86,11.81,9.41
Mohammad Sami,ODI,24,246,362,12,8,67.96,10.25,8.84
Festus Benn,T20,20,246,330,24,2,74.55,12.3,9.87
Junaid Siddique,T20,33,245,207,22,10,118.36,7.42,14.64
R Ngarava,ODI,29,244,291,25,8,83.85,8.41,10.57
IS Sodhi,T20,40,243,228,13,13,106.58,6.08,12.99
Shakeel Ahmed,T20,25,243,262,16,9,92.75,9.72,11.85
Harmeet Singh,T20,21,242,173,13,15,139.88,11.52,18.24
Aaftab Alam Khan,T20,21,241,209,20,9,115.31,11.48,15.0
Sandeep Goud,T20,35,240,309,10,11,77.67,6.86,9.48
A Randhawa,T20,22,239,322,14,4,74.22,10.86,9.51
WP Masakadza,ODI,22,239,382,21,2,62.57,10.86,8.08
SC Getkate,T20,21,238,209,9,13,113.88,11.33,14.87
JNT Seales,Test,26,235,573,17,10,41.01,9.04,5.49
R Sakurano-Thomas,T20,24,235,254,11,2,92.52,9.79,11.36
F Suluoto,T20,21,234,248,15,12,94.35,11.14,12.48
J Miyaji,T20,27,233,222,5,14,104.95,8.63,13.24
Mohamed Azzam,T20,30,231,325,13,2,71.08,7.7,8.36
P Murungi,T20,23,231,201,21,8,114.93,10.04,14.6
Danish Kaneria,Test,30,231,457,28,2,50.55,7.7,6.06
Muslim Yar,T20,20,229,196,16,11,116.84,11.45,15.22
RAS Lakmal,ODI,45,229,408,16,3,56.13,5.09,6.11
ST Gabriel,Test,53,229,661,28,6,34.64,4.32,3.68
Taskin Ahmed,ODI,39,228,414,15,8,55.07,5.85,6.41
Mohammed Shami,ODI,48,224,282,17,9,79.43,4.67,9.21
Akhil Anil,T20,20,222,195,17,10,113.85,11.1,14.73
Delawar Khan,T20,20,221,175,13,13,126.29,11.05,16.35
Taskin Ahmed,T20,36,221,224,19,8,98.66,6.14,11.81
V Zimonjic,T20,22,220,212,22,3,103.77,10.0,12.95
E Mathew,T20,22,219,245,11,6,89.39,9.95,11.22
AY Patel,Test,21,219,575,22,5,38.09,10.43,5.17
DK Anefie,T20,21,218,189,9,11,115.34,10.38,14.72
Simi Singh,T20,30,218,215,16,4,101.4,7.27,12.09
PM Seelaar,ODI,20,218,366,20,3,59.56,10.9,7.73
Shoaib Akhtar,ODI,39,217,249,14,10,87.15,5.56,10.33
MS Panesar,Test,43,217,726,23,1,29.89,5.05,2.88
Nasrulla Rana,T20,33,217,206,13,10,105.34,6.58,12.73
TA Boult,ODI,50,216,284,20,7,76.06,4.32,8.64
TT Bresnan,T20,21,216,172,16,6,125.58,10.29,15.75
D Parashar,T20,22,216,207,9,8,104.35,9.82,13.09
D Sabir,T20,21,215,192,18,4,111.98,10.24,14.0
WP Masakadza,T20,37,215,248,13,5,86.69,5.81,10.03
S Prasanna,T20,20,214,176,13,13,121.59,10.7,15.7
DG Blampied,T20,21,214,226,11,1,94.69,10.19,11.62
K Nestor,T20,24,213,242,19,7,88.02,8.88,10.99
N Khanna,T20,20,213,173,24,4,123.12,10.65,15.51
IS Sodhi,ODI,24,210,306,8,10,68.63,8.75,8.63
CN Kakuru,T20,24,209,212,19,2,98.58,8.71,11.95
A Dutt,ODI,36,207,359,9,8,57.66,5.75,6.59
DJ Willey,T20,23,206,161,15,11,127.95,8.96,16.03
DL Vettori,T20,21,205,197,14,2,104.06,9.76,12.76
WJ Cope,T20,24,203,210,28,0,96.67,8.46,11.67
Iftikhar Anjum,ODI,28,203,335,12,3,60.6,7.25,7.0
M Yunusu Issa,T20,26,203,173,14,9,117.34,7.81,14.38
Kuldeep Yadav,ODI,38,202,417,15,0,48.44,5.32,5.0
Qamar Mushtaque,T20,23,201,218,13,6,92.2,8.74,11.32
J Botha,T20,20,201,171,15,9,117.54,10.05,14.86
Vinay Ravi,T20,26,199,197,14,6,101.02,7.65,12.18
Rishad Hossain,T20,29,197,167,12,15,117.96,6.79,14.55
R Coker,T20,25,197,329,14,2,59.88,7.88,7.0
KMDN Kulasekara,T20,29,196,184,14,5,106.52,6.76,12.61
Sohail Tanvir,T20,22,196,172,16,9,113.95,8.91,14.2
KM Jarvis,ODI,28,195,320,18,3,60.94,6.96,7.05
Usman Najeeb,T20,20,194,151,9,13,128.48,9.7,16.26
OF Smith,T20,20,193,148,13,12,130.41,9.65,16.48
JC Archer,ODI,20,193,189,20,7,102.12,9.65,12.85
T Panyangara,ODI,38,192,389,17,3,49.36,5.05,5.25
Tanzim Hasan Sakib,T20,21,192,180,13,8,106.67,9.14,13.26
U Aryaman Sunil,T20,21,191,156,11,12,122.44,9.1,15.37
CJ McKay,ODI,29,190,343,15,2,55.39,6.55,6.19
DR Tuffey,ODI,21,188,200,13,6,94.0,8.95,11.56
N Nuntarach,T20,29,187,310,10,1,60.32,6.45,6.64
Ibrahim Hassan,T20,28,187,257,9,5,72.76,6.68,8.42
H Lin Aung,T20,28,187,314,9,10,59.55,6.68,7.1
BAW Mendis,ODI,39,185,267,16,2,69.29,4.74,7.52
K Rabada,T20,27,184,167,18,6,110.18,6.81,13.16
CJ Jordan,ODI,23,184,218,12,5,84.4,8.0,10.13
Ainool Hafizs,T20,29,184,203,12,4,90.64,6.34,10.5
H Lin Oo,T20,23,184,230,18,1,80.0,8.0,9.45
SJ Benn,ODI,29,182,242,19,3,75.21,6.28,8.65
SZ Vayani,T20,25,182,196,15,4,92.86,7.28,10.99
SM Sharif,T20,31,182,180,9,5,101.11,5.87,11.69
AF Milne,ODI,22,180,211,11,4,85.31,8.18,10.2
E Rukiriza,T20,40,178,248,10,4,71.77,4.45,7.79
TL Chatara,ODI,45,176,369,15,2,47.7,3.91,4.71
CRD Fernando,ODI,34,175,266,17,2,65.79,5.15,7.18
WD Parnell,T20,21,174,189,13,4,92.06,8.29,11.06
NW Bracken,ODI,31,174,265,11,3,65.66,5.61,7.23
P Suanchuai,T20,20,173,275,12,3,62.91,8.65,7.52
SE Bond,ODI,29,173,271,10,3,63.84,5.97,7.07
C Bah,T20,21,173,173,12,6,100.0,8.24,12.12
SR Thompson,T20,21,171,147,10,6,116.33,8.14,14.05
F Nsubuga,T20,21,170,162,9,10,104.94,8.1,12.87
F Achelam,T20,22,169,172,9,10,98.26,7.68,11.98
BJ McCarthy,ODI,21,169,269,14,2,62.83,8.05,7.36
G Motie,T20,20,166,138,11,11,120.29,8.3,14.86
AL Phehlukwayo,T20,25,166,159,16,5,104.4,6.64,12.32
Umar Gul,T20,25,165,166,11,10,99.4,6.6,11.92
D Bishoo,ODI,24,164,265,17,1,61.89,6.83,6.97
AU Rashid,T20,40,163,192,13,1,84.9,4.08,9.16
KP Meiyappan,ODI,21,163,342,11,0,47.66,7.76,5.29
JC Tredwell,ODI,25,163,247,9,4,65.99,6.52,7.47
MVT Fernando,Test,22,161,617,16,1,26.09,7.32,2.7
Mustafizur Rahman,ODI,50,160,335,17,1,47.76,3.2,4.52
Imran Tahir,ODI,32,157,233,21,1,67.38,4.91,7.3
SP Narine,T20,20,155,149,13,5,104.03,7.75,12.44
PJ Cummins,T20,21,155,127,11,7,122.05,7.38,14.64
Mohammed Siraj,Test,39,154,456,16,2,33.77,3.95,3.01
Khin Aye,T20,27,151,345,7,3,43.77,5.59,4.49
PJ Ongondo,ODI,26,150,250,9,4,60.0,5.77,6.58
CA Young,ODI,23,149,175,12,5,85.14,6.48,9.87
J Jemison,T20,20,149,230,10,1,64.78,7.45,7.33
Muhammad Nadir,T20,28,148,207,10,5,71.5,5.29,7.94
Hasan Ali,T20,20,147,94,7,12,156.38,7.35,19.03
TK Joseph,T20,23,147,168,7,5,87.5,6.39,10.07
MA Wood,ODI,22,147,143,13,5,102.8,6.68,12.06
D Wheatley,T20,21,146,186,10,4,78.49,6.95,9.07
SN Netravalkar,ODI,31,145,241,12,2,60.17,4.68,6.3
Zahoor Khan,ODI,38,143,259,10,4,55.21,3.76,5.59
Mohameed Taiwo,T20,28,143,201,8,3,71.14,5.11,7.72
TJ Murtagh,ODI,20,143,190,14,1,75.26,7.15,8.59
T Wangchuk,T20,28,141,199,8,3,70.85,5.04,7.66
HMRKB Herath,ODI,29,140,229,10,2,61.14,4.83,6.41
C Wright,T20,23,139,182,5,3,76.37,6.04,8.49
N Senamontree,T20,30,137,234,3,0,58.55,4.57,5.83
PA van Meekeren,T20,23,136,126,9,6,107.94,5.91,12.52
SL Malinga,T20,31,136,164,9,5,82.93,4.39,9.12
ST Finn,ODI,27,136,228,11,3,59.65,5.04,6.34
JR Hazlewood,ODI,33,135,169,14,3,79.88,4.09,8.64
CBRLS Kumara,Test,29,135,462,21,0,29.22,4.66,2.52
Abdur Rehman,ODI,22,132,234,10,1,56.41,6.0,6.0
N Pradeep,Test,28,132,362,19,0,36.46,4.71,3.38
Shafiul Islam,ODI,33,132,242,13,2,54.55,4.0,5.47
P Thongsa,T20,20,130,191,5,0,68.06,6.5,7.39
Kaleemullah,ODI,27,125,139,8,7,89.93,4.63,10.11
Washeem Abbas,T20,28,124,107,8,8,115.89,4.43,13.28
L Ngidi,ODI,28,123,253,8,6,48.62,4.39,4.98
J Little,T20,23,123,144,10,3,85.42,5.35,9.5
Sultan Ahmed,T20,22,122,124,7,4,98.39,5.55,11.13
LH Ferguson,ODI,30,122,246,6,3,49.59,4.07,4.83
Mohammad Abbas,Test,25,120,689,13,2,17.42,4.8,1.11
C Kyewuta,T20,20,120,111,9,4,108.11,6.0,12.43
SCJ Broad,T20,25,118,119,7,3,99.16,4.72,11.0
KS Bagabena,T20,20,117,142,5,1,82.39,5.85,9.04
Dawood Ahmadzai,T20,21,117,167,10,0,70.06,5.57,7.5
PVD Chameera,T20,35,116,155,9,1,74.84,3.31,7.67
B Muzarabani,ODI,32,115,214,9,3,53.74,3.59,5.27
Rubel Hossain,ODI,39,112,226,11,2,49.56,2.87,4.59
PA van Meekeren,ODI,23,111,162,8,3,68.52,4.83,7.3
K Piet,T20,22,109,148,5,1,73.65,4.95,7.79
Haris Rauf,T20,28,109,111,8,5,98.2,3.89,10.83
LV van Beek,T20,23,108,137,4,1,78.83,4.7,8.35
M Theekshana,T20,34,105,171,6,2,61.4,3.09,5.99
Haris Rauf,ODI,20,104,127,6,9,81.89,5.2,9.3
XJ Doherty,ODI,22,101,188,5,1,53.72,4.59,5.28
M Ntini,ODI,26,101,153,7,4,66.01,3.88,6.83
Ibrahim Rizan,T20,28,98,147,6,1,66.67,3.5,6.65
Ali Dawood,T20,24,98,121,6,3,80.99,4.08,8.62
L Ngidi,Test,20,97,230,14,1,42.17,4.85,4.05
R Ngarava,T20,28,95,85,10,4,111.76,3.39,12.33
CS Martin,Test,49,92,476,10,0,19.33,1.88,0.56
Shoriful Islam,ODI,21,92,110,7,4,83.64,4.38,9.06
Mustafizur Rahman,T20,32,91,138,4,4,65.94,2.84,6.56
JJ Bumrah,ODI,21,90,163,10,1,55.21,4.29,5.46
A Nehra,ODI,31,90,174,9,2,51.72,2.9,4.8
S Rungrueang,T20,21,89,149,1,3,59.73,4.24,5.99
PP Ojha,Test,22,89,493,7,0,18.05,4.05,0.8
T Mupariwa,ODI,21,87,208,7,2,41.83,4.14,3.81
Arshdeep Singh,T20,26,87,88,9,3,98.86,3.35,10.67
UT Yadav,ODI,21,79,136,8,1,58.09,3.76,5.66
WB Rankin,ODI,20,78,183,3,1,42.62,3.9,3.74
S Lamichhane,T20,21,78,87,3,2,89.66,3.71,9.47
BM Scholtz,T20,21,77,84,7,0,91.67,3.67,9.65
Syed Rasel,ODI,22,76,168,7,0,45.24,3.45,3.96
MM Patel,ODI,24,74,114,7,1,64.91,3.08,6.33
CA Young,T20,22,73,101,5,2,72.28,3.32,7.3
I Sharma,ODI,26,72,209,6,0,34.45,2.77,2.5
A Zampa,T20,26,70,91,6,0,76.92,2.69,7.64
Junaid Khan,ODI,23,68,134,4,1,50.75,2.96,4.54
AM Fernando,Test,20,58,222,10,1,26.13,2.9,1.6
M Mooketsi,T20,20,57,113,2,0,50.44,2.85,4.38
A Shukla,T20,21,54,97,3,2,55.67,2.57,5.08
Mohammad Irfan,ODI,30,48,152,5,2,31.58,1.6,1.98
B Muzarabani,T20,22,48,71,6,1,67.61,2.18,6.43
Abdul Majid Abbasi,T20,20,47,91,1,1,51.65,2.35,4.46
LN Rajbanshi,ODI,23,42,166,3,0,25.3,1.83,1.11
CB Mpofu,ODI,30,40,170,0,0,23.53,1.33,0.76
Bilal Khan,ODI,20,30,75,1,1,40.0,1.5,2.85
