bowler,format,innings,balls,runs_conceded,wickets,overs,economy,avg,sr,perf_index
JM Anderson,Test,181,39114,18880,705,6519.0,2.9,26.78,55.48,76.14
SCJ Broad,Test,166,33896,17575,616,5649.3,3.11,28.53,55.03,67.19
NM Lyon,Test,140,34837,17625,588,5806.2,3.04,29.97,59.25,66.99
R Ashwin,Test,105,27140,13302,553,4523.3,2.94,24.05,49.08,63.66
MA Starc,Test,105,20154,12096,449,3359.0,3.6,26.94,44.89,49.36
DW Steyn,Test,90,18172,10080,439,3028.7,3.33,22.96,41.39,51.08
HMRKB Herath,Test,82,23563,11167,416,3927.2,2.84,26.84,56.64,56.42
TG Southee,Test,107,23557,12210,400,3926.2,3.11,30.52,58.89,52.3
K Rabada,Test,72,13685,7851,351,2280.8,3.44,22.37,38.99,44.56
RA Jadeja,Test,87,20264,8996,350,3377.3,2.66,25.7,57.9,54.27
SL Malinga,ODI,208,10803,9518,343,1800.5,5.29,27.75,31.5,32.12
TA Boult,Test,78,17491,9145,323,2915.2,3.14,28.31,54.15,46.02
PJ Cummins,Test,72,14509,7261,321,2418.2,3.0,22.62,45.2,47.35
MG Johnson,Test,73,16179,9331,320,2696.5,3.46,29.16,50.56,42.44
M Morkel,Test,86,16836,8965,317,2806.0,3.19,28.28,53.11,44.99
I Sharma,Test,104,19461,10449,312,3243.5,3.22,33.49,62.38,44.95
JR Hazlewood,Test,76,15476,7423,301,2579.3,2.88,24.66,51.42,47.51
KAJ Roach,Test,86,15584,8226,299,2597.3,3.17,27.51,52.12,43.94
B Lee,ODI,151,8162,6347,281,1360.3,4.67,22.59,29.05,32.21
Shakib Al Hasan,ODI,205,10754,8249,279,1792.3,4.6,29.57,38.54,31.58
JM Anderson,ODI,177,9166,7562,268,1527.7,4.95,28.22,34.2,29.3
N Wagner,Test,64,13860,7331,265,2310.0,3.17,27.66,52.3,41.57
GP Swann,Test,60,15350,7921,264,2558.3,3.1,30.0,58.14,42.4
Shahid Afridi,ODI,200,10433,8118,259,1738.8,4.67,31.34,40.28,29.94
MA Starc,ODI,126,6766,5829,253,1127.7,5.17,23.04,26.74,28.43
M Muralitharan,Test,38,11986,5815,252,1997.7,2.91,23.08,47.56,43.89
Yasir Shah,Test,48,14262,7807,252,2377.0,3.28,30.98,56.6,39.59
Taijul Islam,Test,55,14847,7684,249,2474.5,3.11,30.86,59.63,41.24
BA Stokes,Test,106,14007,7907,249,2334.5,3.39,31.76,56.25,38.33
RA Jadeja,ODI,199,10330,8470,244,1721.7,4.92,34.71,42.34,27.72
AU Rashid,ODI,151,7950,7407,244,1325.0,5.59,30.36,32.58,25.19
MG Johnson,ODI,144,7537,5977,243,1256.2,4.76,24.6,31.02,29.26
Harbhajan Singh,Test,61,17414,8739,240,2902.3,3.01,36.41,72.56,42.25
JJ Bumrah,Test,52,10167,4934,239,1694.5,2.91,20.64,42.54,43.48
Shakib Al Hasan,Test,67,14609,7541,236,2434.8,3.1,31.95,61.9,40.44
M Ntini,Test,57,11921,6809,234,1986.8,3.43,29.1,50.94,36.86
Mohammed Shami,Test,64,11586,6684,233,1931.0,3.46,28.69,49.73,36.52
TG Southee,ODI,150,7917,7284,230,1319.5,5.52,31.67,34.42,24.53
Mashrafe Mortaza,ODI,175,8756,7441,227,1459.3,5.1,32.78,38.57,25.92
PM Siddle,Test,67,14018,7090,226,2336.3,3.03,31.37,62.03,40.44
Z Khan,Test,60,12960,7216,226,2160.0,3.34,31.93,57.35,37.15
VD Philander,Test,64,11494,5151,226,1915.7,2.69,22.79,50.86,45.05
KA Maharaj,Test,59,12319,6483,224,2053.2,3.16,28.94,55.0,38.82
TA Boult,ODI,110,6230,5190,219,1038.3,5.0,23.7,28.45,27.11
Mohammed Shami,ODI,105,5391,5011,215,898.5,5.58,23.31,25.07,24.91
Z Khan,ODI,129,6862,5753,213,1143.7,5.03,27.01,32.22,25.98
KMDN Kulasekara,ODI,176,8200,6792,213,1366.7,4.97,31.89,38.5,25.68
Mehedi Hasan Miraz,Test,53,12862,6845,212,2143.7,3.19,32.29,60.67,37.65
DW Steyn,ODI,123,6388,5202,212,1064.7,4.89,24.54,30.13,26.99
M Muralitharan,ODI,124,6852,4719,209,1142.0,4.13,22.58,32.78,31.07
MM Ali,Test,68,12623,7822,209,2103.8,3.72,37.43,60.4,32.76
DL Vettori,ODI,153,7996,5322,208,1332.7,3.99,25.59,38.44,31.22
KD Mills,ODI,130,6548,5109,203,1091.3,4.68,25.17,32.26,27.27
CR Woakes,Test,62,11276,5901,199,1879.3,3.14,29.65,56.66,37.22
SCJ Broad,ODI,117,6085,5361,198,1014.2,5.29,27.08,30.73,24.13
Kuldeep Yadav,ODI,114,6022,5141,196,1003.7,5.12,26.23,30.72,24.81
A Kumble,Test,40,12170,6355,196,2028.3,3.13,32.42,62.09,37.09
M Morkel,ODI,113,5948,4863,195,991.3,4.91,24.94,30.5,25.87
DJ Bravo,ODI,134,6052,5330,193,1008.7,5.28,27.62,31.36,23.79
A Zampa,ODI,113,5948,5499,193,991.3,5.55,28.49,30.82,22.71
CR Woakes,ODI,116,5767,5191,191,961.2,5.4,27.18,30.19,23.33
Harbhajan Singh,ODI,145,8106,5980,190,1351.0,4.43,31.47,42.66,26.89
DL Vettori,Test,54,14599,6328,190,2433.2,2.6,33.31,76.84,43.51
CS Martin,Test,53,10992,6084,187,1832.0,3.32,32.53,58.78,34.51
Saeed Ajmal,Test,35,11593,5240,183,1932.2,2.71,28.63,63.35,41.23
NLTC Perera,ODI,152,5776,5632,183,962.7,5.85,30.78,31.56,20.87
Saeed Ajmal,ODI,107,5847,4159,181,974.5,4.27,22.98,32.3,28.6
Imran Tahir,ODI,103,5556,4325,180,926.0,4.67,24.03,30.87,26.3
B Lee,Test,41,10135,5826,179,1689.2,3.45,32.55,56.62,32.75
MJ Henry,ODI,91,4985,4294,178,830.8,5.17,24.12,28.01,24.14
Abdur Razzak,ODI,121,6408,4923,176,1068.0,4.61,27.97,36.41,25.53
Mustafizur Rahman,ODI,106,5331,4584,176,888.5,5.16,26.05,30.29,23.59
K Rabada,ODI,101,5520,4655,175,920.0,5.06,26.6,31.54,23.8
TG Southee,T20,122,2879,3822,175,479.8,7.97,21.84,16.45,18.2
RAS Lakmal,Test,70,12573,6450,173,2095.5,3.08,37.28,72.68,35.99
MS Panesar,Test,48,12297,5941,170,2049.5,2.9,34.95,72.34,37.76
MDK Perera,Test,43,10826,5967,170,1804.3,3.31,35.1,63.68,33.33
UT Yadav,Test,56,8934,5419,170,1489.0,3.64,31.88,52.55,30.58
Umar Gul,ODI,118,5820,5039,170,970.0,5.19,29.64,34.24,22.5
ST Gabriel,Test,58,9648,5675,168,1608.0,3.53,33.78,57.43,31.24
NW Bracken,ODI,100,5095,3792,168,849.2,4.47,22.57,30.33,26.99
R Ashwin,ODI,113,6358,5228,166,1059.7,4.93,31.49,38.3,23.05
AU Rashid,T20,136,3042,3794,165,507.0,7.48,22.99,18.44,18.07
IS Sodhi,T20,132,2828,3773,165,471.3,8.01,22.87,17.14,17.27
Mustafizur Rahman,T20,114,2624,3104,163,437.3,7.1,19.04,16.1,20.46
JO Holder,ODI,127,6205,5712,162,1034.2,5.52,35.26,38.3,20.24
SR Watson,ODI,140,5690,4780,162,948.3,5.04,29.51,35.12,22.63
B Kumar,ODI,119,5950,5050,160,991.7,5.09,31.56,37.19,22.04
JO Holder,Test,67,11266,5082,160,1877.7,2.71,31.76,70.41,39.38
IK Pathan,ODI,98,5050,4419,156,841.7,5.25,28.33,32.37,21.69
JJ Bumrah,ODI,86,4590,3583,153,765.0,4.68,23.42,30.0,24.94
SJ Harmison,Test,42,8805,5030,151,1467.5,3.43,33.31,58.31,30.86
M Ntini,ODI,88,4535,3582,148,755.8,4.74,24.2,30.64,24.18
PWH de Silva,T20,86,1966,2374,148,327.7,7.24,16.04,13.28,21.62
JR Hazlewood,ODI,93,4973,3951,147,828.8,4.77,26.88,33.83,23.33
PJ Cummins,ODI,88,4741,4100,147,790.2,5.19,27.89,32.25,21.49
MJ Santner,T20,130,2859,3362,146,476.5,7.06,23.03,19.58,17.9
MJ Leach,Test,38,9423,4945,145,1570.5,3.15,34.1,64.99,32.98
Umar Gul,Test,41,8531,4964,145,1421.8,3.49,34.23,58.83,29.88
A Zampa,T20,110,2458,3036,145,409.7,7.41,20.94,16.95,18.1
Ehsan Khan,T20,95,2140,2245,144,356.7,6.29,15.59,14.86,23.71
BAW Mendis,ODI,79,4004,3278,144,667.3,4.91,22.76,27.81,23.72
JH Kallis,Test,85,9953,4903,144,1658.8,2.96,34.05,69.12,34.94
Rizwan Butt,T20,89,1996,2247,143,332.7,6.75,15.71,13.96,22.58
Mohammad Hafeez,ODI,164,7303,5081,142,1217.2,4.17,35.78,51.43,24.89
MJ Henry,Test,33,7335,3934,142,1222.5,3.22,27.7,51.65,32.59
Shaheen Shah Afridi,T20,99,2228,2918,142,371.3,7.86,20.55,15.69,17.43
Mohammed Siraj,Test,45,7066,4309,141,1177.7,3.66,30.56,50.11,28.55
MR Adair,T20,91,2109,2628,141,351.5,7.48,18.64,14.96,19.03
LE Plunkett,ODI,84,4166,3918,140,694.3,5.64,27.99,29.76,19.59
GB Hogg,ODI,87,4315,3282,139,719.2,4.56,23.61,31.04,24.63
SK Warne,Test,24,6475,3322,139,1079.2,3.08,23.9,46.58,34.44
Haris Rauf,T20,88,1983,2734,138,330.5,8.27,19.81,14.37,17.05
Shakib Al Hasan,T20,110,2417,2819,138,402.8,7.0,20.43,17.51,18.75
MJ Santner,ODI,117,5909,4718,138,984.8,4.79,34.19,42.82,21.65
Wahab Riaz,ODI,88,4437,4177,138,739.5,5.65,30.27,32.15,19.03
AD Mathews,ODI,158,5205,4068,137,867.5,4.69,29.69,37.99,22.58
S Lamichhane,T20,71,1639,1702,136,273.2,6.23,12.51,12.05,26.98
A Flintoff,ODI,76,3894,2787,135,649.0,4.29,20.64,28.84,26.79
S Lamichhane,ODI,60,3427,2573,134,571.2,4.5,19.2,25.57,26.44
AS Joseph,ODI,74,3992,3624,134,665.3,5.45,27.04,29.79,20.06
Shoaib Malik,ODI,163,5735,4522,133,955.8,4.73,34.0,43.12,21.61
KAJ Roach,ODI,88,4472,3775,132,745.3,5.07,28.6,33.88,20.94
JDP Oram,ODI,103,4880,3561,132,813.3,4.38,26.98,36.97,24.22
Shadab Khan,T20,110,2355,2907,131,392.5,7.41,22.19,17.98,16.89
A Flintoff,Test,39,8409,4380,131,1401.5,3.13,33.44,64.19,32.13
Shaheen Shah Afridi,ODI,67,3521,3327,130,586.8,5.67,25.59,27.08,19.54
Danish Kaneria,Test,32,9769,5279,129,1628.2,3.24,40.92,75.73,30.75
Arshdeep Singh,T20,78,1781,2440,128,296.8,8.22,19.06,13.91,17.1
Rubel Hossain,ODI,93,4389,4174,128,731.5,5.71,32.61,34.29,17.92
AS Joseph,Test,40,6836,4291,128,1139.3,3.77,33.52,53.41,26.6
ST Finn,Test,36,6456,3948,127,1076.0,3.67,31.09,50.83,27.47
JJ Bumrah,T20,90,2034,2253,127,339.0,6.65,17.74,16.02,20.48
Ali Dawood,T20,74,1660,1704,127,276.7,6.16,13.42,13.07,25.53
I Sharma,ODI,77,3834,3596,125,639.0,5.63,28.77,30.67,18.64
SL Malinga,T20,83,1911,2304,124,318.5,7.23,18.58,15.41,18.71
YS Chahal,ODI,68,3741,3298,124,623.5,5.29,26.6,30.17,20.14
JE Taylor,ODI,78,3947,3467,124,657.8,5.27,27.96,31.83,19.9
Shaheen Shah Afridi,Test,33,6468,3567,123,1078.0,3.31,29.0,52.59,30.28
CJ Jordan,T20,93,2034,2881,123,339.0,8.5,23.42,16.54,14.43
Mehedi Hasan Miraz,ODI,101,5061,4059,122,843.5,4.81,33.27,41.48,20.65
MJ Hoggard,Test,33,6775,3738,122,1129.2,3.31,30.64,55.53,30.0
D Bishoo,Test,35,8097,4430,122,1349.5,3.28,36.31,66.37,29.86
MA Wood,Test,38,6652,3821,122,1108.7,3.45,31.32,54.52,28.76
JE Taylor,Test,40,6833,4064,122,1138.8,3.57,33.31,56.01,27.64
Mohammad Amir,Test,36,7699,3777,121,1283.2,2.94,31.21,63.63,33.5
SM Pollock,ODI,94,5061,2906,120,843.5,3.45,24.22,42.18,29.9
TT Bresnan,ODI,83,4300,3879,120,716.7,5.41,32.33,35.83,18.43
WPUJC Vaas,ODI,95,4860,3379,120,810.0,4.17,28.16,40.5,24.34
MM Ali,ODI,126,5935,5303,119,989.2,5.36,44.56,49.87,17.56
HH Pandya,T20,123,2316,3123,119,386.0,8.09,26.24,19.46,13.86
NGRP Jayasuriya,Test,21,6743,3712,118,1123.8,3.3,31.46,57.14,29.71
CRD Fernando,ODI,85,4147,3530,118,691.2,5.11,29.92,35.14,19.74
MF Maharoof,ODI,86,3911,3113,118,651.8,4.78,26.38,33.14,21.75
JO Holder,T20,89,2048,2888,117,341.3,8.46,24.68,17.5,13.75
UT Yadav,ODI,73,3701,3659,116,616.8,5.93,31.54,31.91,16.77
PP Ojha,Test,24,7647,3548,116,1274.5,2.78,30.59,65.92,35.02
Junaid Siddique,T20,77,1809,2259,116,301.5,7.49,19.47,15.59,17.39
R Rampaul,ODI,76,3703,3136,115,617.2,5.08,27.27,32.2,20.21
A Nehra,ODI,79,3745,3363,115,624.2,5.39,29.24,32.57,18.73
RJ Harris,Test,27,5767,2770,114,961.2,2.88,24.3,50.59,34.75
Karan KC,T20,84,1673,2163,114,278.8,7.76,18.97,14.68,17.17
Junaid Khan,ODI,73,3578,3221,113,596.3,5.4,28.5,31.66,18.74
SE Bond,ODI,60,3421,2375,113,570.2,4.17,21.02,30.27,26.04
Shahid Afridi,T20,102,2272,2576,112,378.7,6.8,23.0,20.29,16.76
FH Edwards,Test,37,6838,4349,112,1139.7,3.82,38.83,61.05,24.78
Virandeep Singh,T20,83,1571,1456,112,261.8,5.56,13.0,14.03,26.94
CH Gayle,ODI,116,4517,3569,112,752.8,4.74,31.87,40.33,20.51
ST Finn,ODI,67,3643,3048,111,607.2,5.02,27.46,32.82,20.16
R Ngarava,T20,82,1848,2210,110,308.0,7.18,20.09,16.8,17.29
Abdul Razzaq,ODI,112,4518,3694,110,753.0,4.91,33.58,41.07,19.47
RAS Lakmal,ODI,81,3859,3519,110,643.2,5.47,31.99,35.08,17.71
WD Parnell,ODI,69,3340,3090,110,556.7,5.55,28.09,30.36,18.19
L Ngidi,ODI,69,3347,3220,109,557.8,5.77,29.54,30.71,17.19
Hasan Ali,ODI,64,3254,3161,109,542.3,5.83,29.0,29.85,17.13
MRJ Watt,ODI,75,4015,2821,109,669.2,4.22,25.88,36.83,23.92
GD McGrath,ODI,65,3282,2085,109,547.0,3.81,19.13,30.11,28.76
GP Swann,ODI,73,3684,2865,107,614.0,4.67,26.78,34.43,21.48
CBRLS Kumara,Test,34,5876,3913,107,979.3,4.0,36.57,54.92,23.41
AB Agarkar,ODI,65,3411,2788,106,568.5,4.9,26.3,32.18,20.61
JP Faulkner,ODI,65,3206,2979,106,534.3,5.58,28.1,30.25,17.88
SM Sharif,ODI,74,3514,2847,106,585.7,4.86,26.86,33.15,20.62
Bilal Khan,T20,68,1524,1738,106,254.0,6.84,16.4,14.38,20.17
Taskin Ahmed,ODI,72,3650,3253,105,608.3,5.35,30.98,34.76,17.97
H Ssenyondo,T20,78,1635,1484,105,272.5,5.45,14.13,15.57,25.56
CJ McKay,ODI,58,2983,2419,105,497.2,4.87,23.04,28.41,21.68
SN Netravalkar,ODI,62,3264,2150,105,544.0,3.95,20.48,31.09,27.03
ST Jayasuriya,ODI,105,4065,3245,105,677.5,4.79,30.9,38.71,20.03
DJ Willey,ODI,71,3272,2961,105,545.3,5.43,28.2,31.16,18.26
P Utseya,ODI,115,6214,4826,104,1035.7,4.66,46.4,59.75,19.27
Taskin Ahmed,T20,78,1743,2259,104,290.5,7.78,21.72,16.76,15.24
SO Ngoche,T20,79,1634,1695,104,272.3,6.22,16.3,15.71,21.44
Shoaib Akhtar,ODI,69,3600,2948,104,600.0,4.91,28.35,34.62,19.97
Aizaz Khan,T20,83,1634,2026,103,272.3,7.44,19.67,15.86,16.76
PWH de Silva,ODI,61,2900,2505,102,483.3,5.18,24.56,28.43,19.89
PL Harris,Test,36,8646,3984,102,1441.0,2.76,39.06,84.76,33.69
JH Kallis,ODI,116,3954,3387,102,659.0,5.14,33.21,38.76,18.16
AR Ramjani,T20,56,1224,975,102,204.0,4.78,9.56,12.0,35.32
Abdur Rehman,Test,22,6897,3016,102,1149.5,2.62,29.57,67.62,36.09
Nauman Ali,Test,21,4718,2452,102,786.3,3.12,24.04,46.25,31.59
Yuvraj Singh,ODI,126,4070,3477,102,678.3,5.13,34.09,39.9,18.08
LL Tsotsobe,ODI,59,2988,2360,102,498.0,4.74,23.14,29.29,21.99
Pavandeep Singh,T20,78,1847,1759,102,307.8,5.71,17.25,18.11,21.86
Haris Rauf,ODI,53,2680,2580,101,446.7,5.78,25.54,26.53,17.71
Sikandar Raza,T20,102,1946,2234,101,324.3,6.89,22.12,19.27,16.42
BM Scholtz,ODI,63,3386,1925,101,564.3,3.41,19.06,33.52,31.08
BW Hilfenhaus,Test,27,6173,2907,101,1028.8,2.83,28.78,61.12,33.52
JNT Seales,Test,26,4364,2563,100,727.3,3.52,25.63,43.64,27.73
YS Chahal,T20,79,1820,2431,100,303.3,8.02,24.31,18.2,13.67
DM Nakrani,T20,70,1451,1381,100,241.8,5.71,13.81,14.51,24.97
Naved-ul-Hasan,ODI,60,2989,2641,100,498.2,5.3,26.41,29.89,18.84
Mohammad Abbas,Test,27,5585,2414,100,930.8,2.59,24.14,55.85,37.34
Bilal Khan,ODI,47,2515,2076,100,419.2,4.95,20.76,25.15,22.07
PVD Chameera,T20,75,1717,2235,100,286.2,7.81,22.35,17.17,14.74
SP Narine,ODI,64,3554,2445,99,592.3,4.13,24.7,35.9,24.12
TL Chatara,ODI,70,3595,3171,99,599.2,5.29,32.03,36.31,17.64
PD Collingwood,ODI,120,4293,3488,98,715.5,4.87,35.59,43.81,18.63
LH Ferguson,ODI,62,3358,3130,98,559.7,5.59,31.94,34.27,16.65
AR Patel,T20,84,1619,2036,98,269.8,7.55,20.78,16.52,15.77
AY Patel,Test,22,5023,2714,97,837.2,3.24,27.98,51.78,29.25
TM Dilshan,ODI,180,5141,4197,97,856.8,4.9,43.27,53.0,17.85
AJ Hosein,T20,91,1983,2424,96,330.5,7.33,25.25,20.66,14.22
AL Phehlukwayo,ODI,75,3189,3003,96,531.5,5.65,31.28,33.22,16.47
SR Clark,Test,24,5187,2329,96,864.5,2.69,24.26,54.03,35.73
RL Chase,Test,54,7682,4604,95,1280.3,3.6,48.46,80.86,24.79
Zahoor Khan,ODI,60,2888,2407,95,481.3,5.0,25.34,30.4,19.89
Karan KC,ODI,61,2761,2367,95,460.2,5.14,24.92,29.06,19.53
Mohammad Asif,Test,20,4615,2317,95,769.2,3.01,24.39,48.58,32.08
Umar Gul,T20,58,1224,1477,94,204.0,7.24,15.71,13.02,19.53
A Nel,ODI,57,2941,2254,94,490.2,4.6,23.98,31.29,21.84
Saeed Ajmal,T20,63,1457,1564,94,242.8,6.44,16.64,15.5,20.22
Kuldeep Yadav,T20,50,1114,1271,93,185.7,6.84,13.67,11.98,22.34
MM Patel,ODI,66,3188,2614,93,531.3,4.92,28.11,34.28,19.35
SM Pollock,Test,27,6224,2669,93,1037.3,2.57,28.7,66.92,36.18
GD McGrath,Test,21,4776,1972,93,796.0,2.48,21.2,51.35,39.32
DJ Bravo,T20,76,1551,2049,93,258.5,7.93,22.03,16.68,14.38
IO Okpe,T20,78,1434,1566,92,239.0,6.55,17.02,15.59,19.61
B Kumar,T20,85,1843,2134,92,307.2,6.95,23.2,20.03,15.43
B Muzarabani,T20,76,1701,1976,92,283.5,6.97,21.48,18.49,16.13
MRJ Watt,T20,75,1682,1947,92,280.3,6.95,21.16,18.28,16.31
Junaid Siddique,ODI,64,3073,2551,92,512.2,4.98,27.73,33.4,19.16
MJ McClenaghan,ODI,45,2439,2350,92,406.5,5.78,25.54,26.51,17.24
HH Pandya,ODI,86,3493,3196,91,582.2,5.49,35.12,38.38,16.08
Z Bimenyimana,T20,80,1586,1850,91,264.3,7.0,20.33,17.43,16.59
SM Sharif,T20,68,1444,1897,91,240.7,7.88,20.85,15.87,14.91
Sompal Kami,T20,83,1612,1918,91,268.7,7.14,21.08,17.71,15.97
Imran Anwar,T20,86,1574,1849,91,262.3,7.05,20.32,17.3,16.51
SJ Benn,Test,23,7090,3413,90,1181.7,2.89,37.92,78.78,31.13
L Ngidi,T20,63,1336,1890,90,222.7,8.49,21.0,14.84,13.99
F Banunaek,T20,88,1631,1863,90,271.8,6.85,20.7,18.12,16.63
T Shamsi,T20,69,1555,1876,90,259.2,7.24,20.84,17.28,15.87
M Jansen,Test,21,3452,1994,89,575.3,3.47,22.4,38.79,28.42
PA van Meekeren,T20,72,1562,1836,89,260.3,7.05,20.63,17.55,16.25
Mohammad Irfan,ODI,60,3214,2618,88,535.7,4.89,29.75,36.52,18.83
Mohammad Amir,ODI,59,3031,2432,88,505.2,4.81,27.64,34.44,19.6
E Chigumbura,ODI,108,3753,3551,88,625.5,5.68,40.35,42.65,14.76
CK Langeveldt,ODI,61,3092,2660,88,515.3,5.16,30.23,35.14,17.75
Rohan Mustafa,ODI,74,3508,2654,87,584.7,4.54,30.51,40.32,20.06
DJG Sammy,ODI,115,4891,3842,87,815.2,4.71,44.16,56.22,17.89
RW Price,ODI,76,4176,2855,87,696.0,4.1,32.82,48.0,21.85
DJ Hawoe,T20,90,1676,1903,87,279.3,6.81,21.87,19.26,16.01
R Shepherd,T20,72,1439,2257,87,239.8,9.41,25.94,16.54,10.85
P Kumar,ODI,67,3337,2858,86,556.2,5.14,33.23,38.8,17.19
M Theekshana,T20,78,1808,2115,86,301.3,7.02,24.59,21.02,14.5
K Rabada,T20,76,1733,2328,86,288.8,8.06,27.07,20.15,12.07
Wahab Riaz,Test,27,5201,2958,86,866.8,3.41,34.4,60.48,26.14
DJG Sammy,Test,37,6245,3066,86,1040.8,2.95,35.65,72.62,30.27
Sompal Kami,ODI,60,2769,2457,86,461.5,5.32,28.57,32.2,17.46
AJ Hall,ODI,52,2621,1989,85,436.8,4.55,23.4,30.84,21.75
CA Young,T20,63,1321,1782,85,220.2,8.09,20.96,15.54,14.29
M Akayezu,T20,67,1360,1691,85,226.7,7.46,19.89,16.0,15.78
AM Kimote,T20,67,1139,1329,85,189.8,7.0,15.64,13.4,19.6
S Sreesanth,Test,26,5337,3294,84,889.5,3.7,39.21,63.54,23.45
Shadab Khan,ODI,62,3176,2802,84,529.3,5.29,33.36,37.81,16.54
R McLaren,ODI,50,2466,2101,84,411.0,5.11,25.01,29.36,19.01
Vraj Patel,T20,57,1268,1129,84,211.3,5.34,13.44,15.1,25.75
MA Starc,T20,65,1559,1961,83,259.8,7.55,23.63,18.78,13.81
Sikandar Raza,ODI,100,4257,3476,83,709.5,4.9,41.88,51.29,16.97
Hasan Ali,Test,25,4409,2267,83,734.8,3.09,27.31,53.12,29.78
Mahmudullah,ODI,137,4086,3605,83,681.0,5.29,43.43,49.23,15.43
BM Scholtz,T20,77,1636,1722,83,272.7,6.31,20.75,19.71,17.37
A Symonds,ODI,92,3476,2945,83,579.3,5.08,35.48,41.88,16.9
MJ Santner,Test,31,5556,2698,82,926.0,2.91,32.9,67.76,30.62
GH Dockrell,T20,78,1356,1526,82,226.0,6.75,18.61,16.54,17.64
Yasim Murtaza,T20,67,1445,1537,81,240.8,6.38,18.98,17.84,18.11
JE Root,Test,125,6281,3648,81,1046.8,3.48,45.04,77.54,24.54
S Sreesanth,ODI,49,2481,2388,81,413.5,5.78,29.48,30.63,15.62
JL Pattinson,Test,21,4049,2252,81,674.8,3.34,27.8,49.99,27.37
MNM Aslam,T20,68,1430,1464,80,238.3,6.14,18.3,17.88,19.02
JA Warrican,Test,22,4412,2280,80,735.3,3.1,28.5,55.15,29.23
Hasan Ali,T20,55,1172,1683,80,195.3,8.62,21.04,14.65,13.36
RJ Sidebottom,Test,20,4706,2317,79,784.3,2.95,29.33,59.57,30.47
M Theekshana,ODI,49,2506,1855,79,417.7,4.44,23.48,31.72,21.87
MA Wood,ODI,65,3377,3131,79,562.8,5.56,39.63,42.75,14.62
GJ Maxwell,ODI,115,3915,3557,79,652.5,5.45,45.03,49.56,14.53
HMRKB Herath,ODI,63,3053,2263,79,508.8,4.45,28.65,38.65,20.35
Mohammad Amir,T20,61,1382,1635,79,230.3,7.1,20.7,17.49,15.66
JR Hazlewood,T20,57,1343,1659,79,223.8,7.41,21.0,17.0,14.99
MVT Fernando,Test,27,4304,2619,79,717.3,3.65,33.15,54.48,24.02
A Nel,Test,24,4969,2650,79,828.2,3.2,33.54,62.9,27.48
Saad Bin Zafar,T20,61,1327,1352,79,221.2,6.11,17.11,16.8,19.89
AR Patel,ODI,66,3313,2499,78,552.2,4.53,32.04,42.47,19.28
OE Robinson,Test,20,3878,1834,78,646.3,2.84,23.51,49.72,32.98
TA Boult,T20,59,1394,1786,78,232.3,7.69,22.9,17.87,13.65
A Bohara,T20,57,1199,1484,77,199.8,7.43,19.27,15.57,15.82
Imad Wasim,T20,70,1492,1547,77,248.7,6.22,20.09,19.38,17.63
Aqib Iqbal,T20,58,1327,1481,77,221.2,6.7,19.23,17.23,17.12
SC Williams,ODI,111,4244,3552,77,707.3,5.02,46.13,55.12,15.82
DAJ Bracewell,Test,28,5234,2917,77,872.3,3.34,37.88,67.97,25.7
Mohammed Siraj,ODI,48,2271,1927,77,378.5,5.09,25.03,29.49,18.69
CA Young,ODI,39,2091,1869,77,348.5,5.36,24.27,27.16,18.07
J Botha,ODI,71,3673,2839,77,612.2,4.64,36.87,47.7,18.08
LH Ferguson,T20,51,1121,1327,76,186.8,7.1,17.46,14.75,17.52
BA Stokes,ODI,87,3217,3206,76,536.2,5.98,42.18,42.33,13.02
RJ Peterson,ODI,62,2798,2280,76,466.3,4.89,30.0,36.82,18.06
SB Styris,ODI,93,3265,2544,76,544.2,4.67,33.47,42.96,18.32
AM Fernando,Test,23,3545,2205,76,590.8,3.73,29.01,46.64,23.97
TT Bresnan,Test,23,4702,2435,76,783.7,3.11,32.04,61.87,28.27
A Mishra,Test,22,5189,2791,76,864.8,3.23,36.72,68.28,26.66
N Senamontree,T20,49,1095,988,75,182.5,5.41,13.17,14.6,25.48
RP Singh,ODI,54,2614,2313,75,435.7,5.31,30.84,34.85,16.38
CV Varun,T20,43,977,1236,75,162.8,7.59,16.48,13.03,17.46
RE van der Merwe,T20,66,1283,1404,75,213.8,6.57,18.72,17.11,17.59
Washeem Abbas,T20,49,1105,1424,75,184.2,7.73,18.99,14.73,15.44
T Shamsi,ODI,52,2780,2543,75,463.3,5.49,33.91,37.07,15.29
Sohail Tanvir,ODI,59,3088,2618,75,514.7,5.09,34.91,41.17,16.45
SR Watson,Test,52,5371,2547,75,895.2,2.85,33.96,71.61,30.61
Abdul Majid Abbasi,T20,74,1584,1493,75,264.0,5.66,19.91,21.12,19.01
AG Cremer,ODI,67,3231,2627,75,538.5,4.88,35.03,43.08,17.2
Shahadat Hossain,Test,34,4929,3400,74,821.5,4.14,45.95,66.61,19.61
AR McBrine,ODI,68,3398,2753,74,566.3,4.86,37.2,45.92,16.94
Mohammad Nawaz,T20,62,1204,1463,74,200.7,7.29,19.77,16.27,15.61
MA Leask,ODI,72,2517,2081,74,419.5,4.96,28.12,34.01,18.11
JP Duminy,ODI,131,3460,3094,74,576.7,5.37,41.81,46.76,14.69
Iftikhar Anjum,ODI,55,2723,2245,73,453.8,4.95,30.75,37.3,17.51
KTGD Prasad,Test,24,4174,2606,73,695.7,3.75,35.7,57.18,22.61
Mohammad Sami,ODI,48,2547,2056,73,424.5,4.84,28.16,34.89,18.49
R Trumpelmann,ODI,47,2363,1826,73,393.8,4.64,25.01,32.37,20.16
SA Okpe,T20,72,1288,1228,73,214.7,5.72,16.82,17.64,20.8
Shafiul Islam,ODI,58,2565,2528,73,427.5,5.91,34.63,35.14,13.88
JR Hopes,ODI,74,3132,2414,73,522.0,4.62,33.07,42.9,18.4
GH Dockrell,ODI,76,3255,2677,73,542.5,4.93,36.67,44.59,16.67
WPUJC Vaas,Test,25,4549,2196,73,758.2,2.9,30.08,62.32,30.43
R Ashwin,T20,62,1432,1634,72,238.7,6.85,22.69,19.89,14.85
AD Russell,ODI,54,2362,2235,72,393.7,5.68,31.04,32.81,15.07
P Aho,T20,59,1184,1151,72,197.3,5.83,15.99,16.44,21.16
KMDN Kulasekara,T20,56,1234,1492,72,205.7,7.25,20.72,17.14,15.07
MG Erasmus,T20,61,1084,1075,72,180.7,5.95,14.93,15.06,21.87
KA Maharaj,ODI,53,2788,2217,71,464.7,4.77,31.23,39.27,17.98
CW Perchard,T20,42,916,938,71,152.7,6.14,13.21,12.9,23.38
SL Malinga,Test,22,3978,2619,71,663.0,3.95,36.89,56.03,21.11
Mahedi Hasan,T20,65,1422,1589,71,237.0,6.7,22.38,20.03,15.22
F Nsubuga,T20,63,1298,1018,71,216.3,4.71,14.34,18.28,26.22
NL McCullum,ODI,81,3570,2971,71,595.0,4.99,41.85,50.28,15.8
N Pradeep,Test,28,5183,3088,71,863.8,3.57,43.49,73.0,23.08
JDS Neesham,ODI,71,2512,2573,71,418.7,6.15,36.24,35.38,12.94
Junaid Khan,Test,22,4642,2338,71,773.7,3.02,32.93,65.38,28.62
DS Airee,T20,67,1190,1216,71,198.3,6.13,17.13,16.76,19.46
JJ Smit,T20,49,1055,1183,71,175.8,6.73,16.66,14.86,18.58
Syed Aziz,T20,68,1262,1490,71,210.3,7.09,20.99,17.77,15.16
DJ Bravo,Test,30,5500,2983,70,916.7,3.25,42.61,78.57,25.6
Yasin Patel,T20,54,1237,1218,70,206.2,5.91,17.4,17.67,19.73
IDR Bradshaw,ODI,48,2537,1777,69,422.8,4.2,25.75,36.77,21.68
J Little,T20,59,1379,1695,69,229.8,7.38,24.57,19.99,13.06
N Pradeep,ODI,45,2302,2320,69,383.7,6.05,33.62,33.36,13.46
PJ Cummins,T20,55,1269,1545,69,211.5,7.3,22.39,18.39,14.05
S Vijay Unni,T20,65,1238,1286,69,206.3,6.23,18.64,17.94,18.08
SM Curran,T20,70,1316,1879,68,219.3,8.57,27.63,19.35,10.38
D Wiese,T20,51,1050,1212,68,175.0,6.93,17.82,15.44,17.2
AF Milne,T20,53,1185,1620,67,197.5,8.2,24.18,17.69,11.92
CA Soper,ODI,50,2380,1774,67,396.7,4.47,26.48,35.52,20.09
WB Rankin,ODI,47,2489,1996,67,414.8,4.81,29.79,37.15,17.88
IS Sodhi,ODI,50,2585,2374,67,430.8,5.51,35.43,38.58,14.52
Kaleem Sana,T20,42,933,938,67,155.5,6.03,14.0,13.93,22.48
E Rukiriza,T20,60,1141,1255,67,190.2,6.6,18.73,17.03,17.15
MR Adair,ODI,47,2348,2179,67,391.3,5.57,32.52,35.04,14.81
DW Steyn,T20,46,1044,1210,67,174.0,6.95,18.06,15.58,16.94
AJ Hosein,ODI,40,2264,1801,67,377.3,4.77,26.88,33.79,18.74
D Maisuria,T20,32,673,622,67,112.2,5.54,9.28,10.04,32.14
Ishtiaq Ahmad,T20,41,932,1036,67,155.3,6.67,15.46,13.91,19.58
JDS Neesham,T20,73,1054,1565,67,175.7,8.91,23.36,15.73,11.39
SW Tait,ODI,34,1833,1533,66,305.5,5.02,23.23,27.77,18.97
IKEG Artawan,T20,70,1181,1284,66,196.8,6.52,19.45,17.89,16.83
SN Thakur,ODI,45,1988,2010,66,331.3,6.07,30.45,30.12,13.84
MN Samuels,ODI,98,3692,2952,66,615.3,4.8,44.73,55.94,15.98
R Ngarava,ODI,45,2202,1946,66,367.0,5.3,29.48,33.36,16.18
CB Mpofu,ODI,64,3158,2898,66,526.3,5.51,43.91,47.85,13.56
SJ Harmison,ODI,46,2447,2039,66,407.8,5.0,30.89,37.08,16.89
SCJ Broad,T20,54,1193,1521,65,198.8,7.65,23.4,18.35,12.89
DE Bollinger,ODI,39,2015,1530,65,335.8,4.56,23.54,31.0,20.55
LM Jongwe,T20,52,981,1339,65,163.5,8.19,20.6,15.09,13.44
A Mishra,ODI,31,1805,1442,65,300.8,4.79,22.18,27.77,20.18
BJ McCarthy,T20,59,1332,1847,65,222.0,8.32,28.42,20.49,10.33
Mohammad Hafeez,T20,78,1264,1386,65,210.7,6.58,21.32,19.45,15.66
J Little,ODI,39,2070,2115,64,345.0,6.13,33.05,32.34,13.08
S Thakor,T20,51,998,907,64,166.3,5.45,14.17,15.59,23.64
B Kumar,Test,21,3363,1716,64,560.5,3.06,26.81,52.55,28.85
Zahoor Khan,T20,46,1053,1184,64,175.5,6.75,18.5,16.45,16.88
Ravi Bishnoi,T20,40,962,1152,64,160.3,7.19,18.0,15.03,16.44
LN Oluoch,T20,56,1062,1223,64,177.0,6.91,19.11,16.59,16.19
TL Chatara,T20,53,1177,1403,64,196.2,7.15,21.92,18.39,14.27
A Dutt,ODI,50,2465,1985,64,410.8,4.83,31.02,38.52,17.37
NL McCullum,T20,59,1137,1291,63,189.5,6.81,20.49,18.05,15.54
PA van Meekeren,ODI,34,1785,1583,63,297.5,5.32,25.13,28.33,17.15
Shoriful Islam,T20,52,1097,1467,63,182.8,8.03,23.29,17.41,12.3
AS Joseph,T20,43,1025,1541,63,170.8,9.02,24.46,16.27,10.66
SA Jumbe,T20,57,1039,1320,63,173.2,7.62,20.95,16.49,13.95
BJ McMullen,ODI,36,1755,1323,63,292.5,4.52,21.0,27.86,21.69
JC Tredwell,ODI,43,2068,1670,63,344.7,4.84,26.51,32.83,18.35
XJ Doherty,ODI,55,2773,2212,63,462.2,4.79,35.11,44.02,16.78
WD Parnell,T20,55,1143,1538,63,190.5,8.07,24.41,18.14,11.81
Faheem Ashraf,T20,72,1165,1532,62,194.2,7.89,24.71,18.79,11.9
A Nortje,T20,45,991,1237,62,165.2,7.49,19.95,15.98,14.64
YM Nkanya,T20,46,935,820,62,155.8,5.26,13.23,15.08,25.26
JA Duffy,T20,45,964,1246,62,160.7,7.75,20.1,15.55,14.17
J Miyaji,T20,39,830,849,62,138.3,6.14,13.69,13.39,22.38
AD Russell,T20,73,1234,1895,62,205.7,9.21,30.56,19.9,8.63
Naseem Shah,Test,20,3475,2190,62,579.2,3.78,35.32,56.05,21.67
NP Kenjige,ODI,57,2820,1995,62,470.0,4.24,32.18,45.48,19.58
Rishad Hossain,T20,48,995,1342,62,165.8,8.09,21.65,16.05,12.9
JC Archer,T20,45,1034,1400,62,172.3,8.13,22.58,16.68,12.42
Muhammad Nadir,T20,54,1259,1095,62,209.8,5.22,17.66,20.31,21.07
Imran Tahir,T20,37,853,950,62,142.2,6.68,15.32,13.76,19.47
NT Ellis,T20,36,795,995,61,132.5,7.51,16.31,13.03,17.11
Ahmed Raza,ODI,47,2523,1757,61,420.5,4.18,28.8,41.36,20.5
JC Archer,ODI,34,1860,1528,61,310.0,4.93,25.05,30.49,18.36
Imran Khan,T20,56,1048,1225,61,174.7,7.01,20.08,17.18,15.31
Naseem Shah,ODI,31,1689,1556,61,281.5,5.53,25.51,27.69,16.29
BAW Mendis,T20,37,851,945,61,141.8,6.66,15.49,13.95,19.3
B Muzarabani,ODI,47,2427,2070,61,404.5,5.12,33.93,39.79,15.63
Rahat Ali,Test,21,4260,2333,61,710.0,3.29,38.25,69.84,24.82
PVD Chameera,ODI,52,2312,2128,60,385.3,5.52,35.47,38.53,14.06
C Kyewuta,T20,42,886,965,60,147.7,6.53,16.08,14.77,18.97
RM Koda,T20,64,1260,1373,60,210.0,6.54,22.88,21.0,14.79
R Abdulkareem,T20,47,767,807,60,127.8,6.31,13.45,12.78,22.22
SMSM Senanayake,ODI,47,2384,1892,60,397.3,4.76,31.53,39.73,17.3
KJ O'Brien,ODI,67,2392,2221,60,398.7,5.57,37.02,39.87,13.7
IK Gamantika,T20,54,990,975,60,165.0,5.91,16.25,16.5,20.18
T Panyangara,ODI,50,2675,2463,60,445.8,5.52,41.05,44.58,13.38
Imran Tahir,Test,20,3955,2362,60,659.2,3.58,39.37,65.92,22.41
L Ngidi,Test,20,2595,1409,59,432.5,3.26,23.88,43.98,27.65
KA Pollard,ODI,77,2226,2086,59,371.0,5.62,35.36,37.73,13.73
Sohail Tanvir,T20,55,1239,1457,59,206.5,7.06,24.69,21.0,13.06
AF Milne,ODI,47,2261,2023,59,376.8,5.37,34.29,38.32,14.64
JN Frylinck,T20,48,958,1097,59,159.7,6.87,18.59,16.24,16.36
JN Gillespie,ODI,37,2013,1364,59,335.5,4.07,23.12,34.12,22.66
BJ McCarthy,ODI,35,1835,1786,59,305.8,5.84,30.27,31.1,14.07
CJ Anderson,ODI,42,1507,1494,59,251.2,5.95,25.32,25.54,15.14
MA Leask,T20,56,949,1185,58,158.2,7.49,20.43,16.36,14.19
B Ward,T20,36,802,768,58,133.7,5.74,13.24,13.83,23.73
Sayed Monib,T20,36,737,981,58,122.8,7.99,16.91,12.71,15.8
D Gough,ODI,38,2004,1504,58,334.0,4.5,25.93,34.55,19.6
JJ Smit,ODI,39,1767,1268,58,294.5,4.31,21.86,30.47,21.95
V Sehwag,ODI,86,2475,2083,58,412.5,5.05,35.91,42.67,15.38
Jasdeep Singh,ODI,42,1959,1786,58,326.5,5.47,30.79,33.78,14.92
JEC Franklin,ODI,65,2535,2166,58,422.5,5.13,37.34,43.71,14.92
UWMBCA Welegedara,Test,21,3882,2296,58,647.0,3.55,39.59,66.93,22.45
KA Maharaj,T20,52,1097,1426,58,182.8,7.8,24.59,18.91,11.88
IS Sodhi,Test,21,4047,2563,58,674.5,3.8,44.19,69.78,20.43
N Vanua,T20,43,905,1111,58,150.8,7.37,19.16,15.6,15.11
JS Patel,Test,22,5165,2875,57,860.8,3.34,50.44,90.61,23.38
MR Marsh,ODI,69,2257,2047,57,376.2,5.44,35.91,39.6,14.06
MA Wood,T20,36,793,1099,57,132.2,8.31,19.28,13.91,13.68
Rohan Mustafa,T20,43,893,1008,57,148.8,6.77,17.68,15.67,17.08
MJ Clarke,ODI,92,2264,1868,56,377.3,4.95,33.36,40.43,16.01
M Mooketsi,T20,43,964,979,56,160.7,6.09,17.48,17.21,18.59
CRD Fernando,Test,22,3496,2106,56,582.7,3.61,37.61,62.43,22.07
A Dananjaya,ODI,38,2024,1740,56,337.3,5.16,31.07,36.14,15.71
RA Jadeja,T20,68,1327,1584,56,221.2,7.16,28.29,23.7,11.62
NM Hauritz,ODI,48,2402,1918,56,400.3,4.79,34.25,42.89,16.46
Zeeshan Maqsood,ODI,44,2145,1520,56,357.5,4.25,27.14,38.3,20.27
NLTC Perera,T20,66,1116,1702,56,186.0,9.15,30.39,19.93,8.44
N Vanua,ODI,49,2223,1880,56,370.5,5.07,33.57,39.7,15.55
P Useni,T20,58,897,938,55,149.5,6.27,17.05,16.31,18.47
SR Watson,T20,49,963,1230,55,160.5,7.66,22.36,17.51,12.85
S Ravichandran,T20,41,773,630,55,128.8,4.89,11.45,14.05,28.87
Muslim Yar,T20,44,923,1013,55,153.8,6.59,18.42,16.78,16.82
CB Sole,ODI,29,1503,1227,55,250.5,4.9,22.31,27.33,19.19
T van der Gugten,T20,45,874,1096,55,145.7,7.52,19.93,15.89,14.28
Mohammad Rafique,ODI,57,2936,2178,55,489.3,4.45,39.6,53.38,17.12
C Rububagumya,T20,54,932,1113,55,155.3,7.17,20.24,16.95,14.67
Ghulam Ahmadi,T20,46,1033,1083,55,172.2,6.29,19.69,18.78,16.64
MP Stoinis,T20,55,936,1313,55,156.0,8.42,23.87,17.02,11.2
S Badree,T20,48,1071,1131,55,178.5,6.34,20.56,19.47,16.06
AL Phehlukwayo,T20,39,793,1134,54,132.2,8.58,21.0,14.69,12.25
GJ Maxwell,T20,85,1131,1534,54,188.5,8.14,28.41,20.94,10.03
Bilal Hassun,T20,35,734,838,54,122.3,6.85,15.52,13.59,18.61
Yasir Ali,T20,35,664,623,54,110.7,5.63,11.54,12.3,26.42
MJ Henry,T20,38,844,1185,54,140.7,8.42,21.94,15.63,11.98
SS Cottrell,T20,41,925,1215,54,154.2,7.88,22.5,17.13,12.42
AC Agar,T20,48,1030,1131,54,171.7,6.59,20.94,19.07,15.3
Muhammad Jawadullah,T20,33,769,958,54,128.2,7.47,17.74,14.24,15.73
DR Smith,ODI,60,2257,1888,53,376.2,5.02,35.62,42.58,15.21
Qamar Mushtaque,T20,33,650,719,53,108.3,6.64,13.57,12.26,21.1
FH Edwards,ODI,40,1850,1525,53,308.3,4.95,28.77,34.91,16.77
RP Burl,T20,64,1003,1207,53,167.2,7.22,22.77,18.92,13.26
Mohammad Hafeez,Test,43,3720,1745,53,620.0,2.81,32.92,70.19,29.39
Syed Rasel,ODI,40,2095,1634,53,349.2,4.68,30.83,39.53,17.32
AJ Tye,T20,31,718,1010,52,119.7,8.44,19.42,13.81,13.21
OC McCoy,T20,41,861,1225,52,143.5,8.54,23.56,16.56,11.04
Washington Sundar,T20,52,1000,1135,52,166.7,6.81,21.83,19.23,14.35
MR Marsh,Test,45,3542,2130,52,590.3,3.61,40.96,68.12,21.44
NM Coulter-Nile,ODI,31,1670,1538,52,278.3,5.53,29.58,32.12,14.68
Janak Prakash,T20,39,878,1214,52,146.3,8.3,23.35,16.88,11.42
E Sebareme,T20,44,781,768,52,130.2,5.9,14.77,15.02,21.26
LA Burns,T20,32,722,656,52,120.3,5.45,12.62,13.88,25.1
MG Erasmus,ODI,49,1763,1343,52,293.8,4.57,25.83,33.9,18.99
SS Cottrell,ODI,33,1648,1598,52,274.7,5.82,30.73,31.69,13.63
KM Jarvis,ODI,41,2047,1752,52,341.2,5.13,33.69,39.37,15.08
Zeeshan Maqsood,T20,57,1011,1096,52,168.5,6.5,21.08,19.44,15.31
A Shukla,T20,53,1072,1378,52,178.7,7.71,26.5,20.62,11.08
Usman Najeeb,T20,35,808,997,51,134.7,7.4,19.55,15.84,14.51
K Irakoze,T20,53,960,1102,51,160.0,6.89,21.61,18.82,14.26
Abrar Ahmed,T20,36,799,901,51,133.2,6.76,17.67,15.67,16.84
R Trumpelmann,T20,45,952,1263,51,158.7,7.96,24.76,18.67,11.26
T Lungameni,ODI,34,1611,1218,51,268.5,4.54,23.88,31.59,19.72
DJ Willey,T20,42,885,1202,51,147.5,8.15,23.57,17.35,11.47
DS Airee,ODI,57,2083,1412,51,347.2,4.07,27.69,40.84,20.72
DBL Powell,ODI,39,2136,1677,51,356.0,4.71,32.88,41.88,16.69
DR Tuffey,ODI,38,1969,1619,51,328.2,4.93,31.75,38.61,16.07
Khizar Hayat,T20,50,977,1058,51,162.8,6.5,20.75,19.16,15.43
MM Ali,T20,70,1001,1381,51,166.8,8.28,27.08,19.63,10.08
Dawood Ahmadzai,T20,39,857,894,51,142.8,6.26,17.53,16.8,17.94
Shoriful Islam,ODI,34,1613,1462,51,268.8,5.44,28.67,31.63,15.1
Taranjeet Singh,T20,40,819,917,51,136.5,6.72,17.98,16.06,16.69
GP Swann,T20,37,803,863,51,133.8,6.45,16.92,15.75,18.01
SR Clark,ODI,36,1756,1411,51,292.7,4.82,27.67,34.43,17.41
D Heyliger,T20,54,1023,1256,51,170.5,7.37,24.63,20.06,12.18
SP Narine,T20,46,1056,1057,51,176.0,6.01,20.73,20.71,16.51
Aayan Afzal Khan,ODI,38,1990,1381,50,331.7,4.16,27.62,39.8,20.21
GJ Delany,T20,62,1056,1333,50,176.0,7.57,26.66,21.12,11.14
LV van Beek,ODI,32,1759,1619,50,293.2,5.52,32.38,35.18,13.99
CH Morris,ODI,39,1926,1783,50,321.0,5.55,35.66,38.52,13.34
DJG Sammy,T20,58,919,1118,50,153.2,7.3,22.36,18.38,13.16
H Fennell,T20,30,664,656,50,110.7,5.93,13.12,13.28,23.07
WP Masakadza,T20,66,1209,1465,50,201.5,7.27,29.3,24.18,10.87
T Thushara,ODI,35,1616,1378,50,269.3,5.12,27.56,32.32,16.34
J Coetzee,T20,25,543,435,50,90.5,4.81,8.7,10.86,35.38
JA Morkel,ODI,46,1900,1736,50,316.7,5.48,34.72,38.0,13.7
K Nassoro,T20,54,882,976,49,147.0,6.64,19.92,18.0,15.51
DL Brangman,T20,34,675,632,49,112.5,5.62,12.9,13.78,24.1
DM de Silva,ODI,68,2071,1778,49,345.2,5.15,36.29,42.27,14.42
KMDN Kulasekara,Test,20,3381,1793,49,563.5,3.18,36.59,69.0,24.96
M Morkel,T20,43,986,1208,49,164.3,7.35,24.65,20.12,12.1
Bilal Zalmai,T20,41,997,1168,49,166.2,7.03,23.84,20.35,12.94
Fayyaz Butt,T20,43,856,1086,49,142.7,7.61,22.16,17.47,12.73
C de Grandhomme,Test,29,4085,1652,49,680.8,2.43,33.71,83.37,33.81
KD Mills,T20,42,919,1237,49,153.2,8.07,25.24,18.76,10.85
LN Rajbanshi,ODI,35,1777,1181,48,296.2,3.99,24.6,37.02,21.89
WB Rankin,T20,40,910,966,48,151.7,6.37,20.12,18.96,15.9
FJ Klaassen,T20,40,888,1113,48,148.0,7.52,23.19,18.5,12.36
KJ O'Brien,T20,34,617,719,48,102.8,6.99,14.98,12.85,18.64
Umair Tariq,T20,34,553,673,48,92.2,7.3,14.02,11.52,19.19
Riazat Ali Shah,T20,44,775,899,48,129.2,6.96,18.73,16.15,15.61
SC Williams,T20,69,1114,1284,48,185.7,6.91,26.75,23.21,12.1
MP Stoinis,ODI,62,2073,2067,48,345.5,5.98,43.06,43.19,11.17
RJW Topley,ODI,29,1389,1241,48,231.5,5.36,25.85,28.94,15.98
JDF Vandersay,ODI,30,1447,1297,48,241.2,5.38,27.02,30.15,15.56
G Motie,T20,45,878,1171,48,146.3,8.0,24.4,18.29,11.2
Usman Khan,T20,30,579,648,48,96.5,6.72,13.5,12.06,20.82
KDA Lukies,T20,29,654,603,48,109.0,5.53,12.56,13.62,24.79
D Madushanka,ODI,24,1094,1074,48,182.3,5.89,22.38,22.79,15.86
LV van Beek,T20,33,678,866,48,113.0,7.66,18.04,14.12,14.96
M Jansen,ODI,31,1614,1650,48,269.0,6.13,34.38,33.62,11.94
TJ Murtagh,ODI,31,1675,1288,48,279.2,4.61,26.83,34.9,18.29
JW Dernbach,T20,38,861,1199,48,143.5,8.36,24.98,17.94,10.53
CJ Jordan,ODI,34,1728,1708,47,288.0,5.93,36.34,36.77,12.05
A Vala,ODI,51,2017,1320,47,336.2,3.93,28.09,42.91,21.12
Shiraz Khan,T20,45,941,1003,47,156.8,6.4,21.34,20.02,15.14
V Saini,T20,44,930,1051,47,155.0,6.78,22.36,19.79,13.92
Mohammad Saifuddin,T20,41,904,1277,47,150.7,8.47,27.17,19.23,9.62
RE van der Merwe,ODI,38,1958,1544,47,326.3,4.73,32.85,41.66,16.36
Zain Ul Abidin,T20,42,840,800,47,140.0,5.71,17.02,17.87,19.44
SM Curran,Test,24,3113,1703,47,518.8,3.28,36.23,66.23,24.0
OH Agbomadzie,T20,37,786,715,47,131.0,5.46,15.21,16.72,21.72
Umar Adam,T20,36,766,919,47,127.7,7.2,19.55,16.3,14.64
Fitri Sham,T20,36,762,862,47,127.0,6.79,18.34,16.21,16.12
Aamir Kaleem,T20,40,671,855,47,111.8,7.65,18.19,14.28,14.83
SN Netravalkar,T20,43,890,1083,46,148.3,7.3,23.54,19.35,12.47
Al-Amin Hossain,T20,28,614,733,46,102.3,7.17,15.93,13.35,17.32
SVE Bharathi,T20,34,713,598,46,118.8,5.03,13.0,15.5,25.57
Basil Hameed,ODI,40,1399,989,46,233.2,4.24,21.5,30.41,21.78
Vinay Ravi,T20,39,772,844,46,128.7,6.56,18.35,16.78,16.51
RJ Harris,ODI,20,1051,853,46,175.2,4.87,18.54,22.85,20.85
Mohammad Naveed,ODI,31,1559,1384,46,259.8,5.33,30.09,33.89,14.81
R Vinay Kumar,ODI,31,1459,1448,46,243.2,5.95,31.48,31.72,12.81
PM Seelaar,T20,52,901,1081,46,150.2,7.2,23.5,19.59,12.65
B Evans,T20,28,581,775,46,96.8,8.01,16.85,12.63,15.3
Khalid Ahmadi,T20,27,645,682,46,107.5,6.34,14.83,14.02,19.93
Mohamed Shafeeq,T20,42,947,1172,46,157.8,7.43,25.48,20.59,11.54
Mohammad Wasim,T20,33,675,920,46,112.5,8.18,20.0,14.67,12.92
BFW de Leede,T20,38,687,873,46,114.5,7.62,18.98,14.93,14.3
S Muniandy,T20,48,818,1144,46,136.3,8.39,24.87,17.78,10.43
CR Brathwaite,ODI,37,1725,1647,46,287.5,5.73,35.8,37.5,12.59
KW Richardson,T20,35,755,1025,46,125.8,8.15,22.28,16.41,11.79
K Waiswa,T20,32,579,679,45,96.5,7.04,15.09,12.87,18.31
Shakeel Ahmed,T20,44,942,1040,45,157.0,6.62,23.11,20.93,13.8
TM Odoyo,ODI,36,1635,1172,45,272.5,4.3,26.04,36.33,19.69
Aqib Ilyas,T20,35,702,708,45,117.0,6.05,15.73,15.6,19.63
Mohammad Wasim,ODI,26,1267,1186,45,211.2,5.62,26.36,28.16,14.92
AD Mathews,T20,68,1137,1355,45,189.5,7.15,30.11,25.27,10.62
Kaleemullah,ODI,45,2037,1469,45,339.5,4.33,32.64,45.27,17.97
Kaleem Sana,ODI,24,1289,935,45,214.8,4.35,20.78,28.64,21.57
KW Richardson,ODI,25,1338,1251,45,223.0,5.61,27.8,29.73,14.52
BFW de Leede,ODI,38,1506,1463,45,251.0,5.83,32.51,33.47,12.84
Imad Wasim,ODI,52,2388,1936,44,398.0,4.86,44.0,54.27,14.24
JS Patel,ODI,36,1789,1500,44,298.2,5.03,34.09,40.66,14.86
S Veerapathiran,T20,38,716,955,44,119.3,8.01,21.7,16.27,12.16
I Ntirenganya,T20,40,848,911,44,141.3,6.45,20.7,19.27,15.22
Tanzim Hasan Sakib,T20,36,807,1092,44,134.5,8.12,24.82,18.34,10.7
JP Duminy,Test,39,2707,1640,44,451.2,3.63,37.27,61.52,21.07
JEC Franklin,Test,21,3113,1814,44,518.8,3.5,41.23,70.75,21.55
V Vijh,T20,35,699,908,44,116.5,7.79,20.64,15.89,12.99
Namgay Thinley,T20,35,714,676,44,119.0,5.68,15.36,16.23,20.84
AR Nurse,ODI,45,2187,2009,44,364.5,5.51,45.66,49.7,11.94
Raja Adeel,T20,28,595,575,44,99.2,5.8,13.07,13.52,23.18
JW Hastings,ODI,29,1532,1271,44,255.3,4.98,28.89,34.82,16.12
SM Curran,ODI,40,1548,1544,43,258.0,5.98,35.91,36.0,11.75
AC Evans,T20,29,676,880,43,112.7,7.81,20.47,15.72,13.01
Mohammad Saifuddin,ODI,27,1277,1267,43,212.8,5.95,29.47,29.7,13.1
Sami Sohail,T20,34,629,734,43,104.8,7.0,17.07,14.63,16.5
DM de Silva,Test,58,4094,2288,43,682.3,3.35,53.21,95.21,21.88
M Koli,T20,30,728,814,43,121.3,6.71,18.93,16.93,15.7
G Motie,ODI,33,1692,1335,43,282.0,4.73,31.05,39.35,16.47
NK Patel,ODI,36,1552,1210,43,258.7,4.68,28.14,36.09,17.36
C Rumistrzewicz,T20,25,556,441,42,92.7,4.76,10.5,13.24,30.6
Sazib Bhuiyan,T20,24,477,649,42,79.5,8.16,15.45,11.36,16.18
JNT Seales,ODI,28,1272,1224,42,212.0,5.77,29.14,30.29,13.58
MG Johnson,T20,30,702,820,42,117.0,7.01,19.52,16.71,14.75
MD Shanaka,T20,70,804,1068,42,134.0,7.97,25.43,19.14,10.58
Mashrafe Mortaza,Test,20,3253,1832,42,542.2,3.38,43.62,77.45,22.07
Sahel Zadran,T20,37,755,894,42,125.8,7.11,21.29,17.98,13.6
SK Raina,ODI,100,2147,1832,42,357.8,5.12,43.62,51.12,13.21
VD Philander,ODI,28,1319,1015,42,219.8,4.62,24.17,31.4,18.79
HH Streak,ODI,30,1550,1068,42,258.3,4.13,25.43,36.9,20.53
Syazrul Idrus,T20,25,488,565,42,81.3,6.95,13.45,11.62,20.21
Ikramullah Khan,T20,35,693,943,42,115.5,8.16,22.45,16.5,11.52
Mahmudullah,Test,43,3403,1984,42,567.2,3.5,47.24,81.02,20.93
P Mishra,T20,42,945,1089,42,157.5,6.91,25.93,22.5,12.06
Nasrulla Rana,T20,48,777,1026,42,129.5,7.92,24.43,18.5,11.01
CH Gayle,Test,38,3786,1745,41,631.0,2.77,42.56,92.34,27.78
M Prasidh Krishna,ODI,23,1130,1121,41,188.3,5.95,27.34,27.56,13.56
KS Williamson,ODI,65,1494,1323,41,249.0,5.31,32.27,36.44,14.11
Ali Naseer,T20,33,688,892,41,114.7,7.78,21.76,16.78,12.3
Muhammad Amir,T20,29,516,584,41,86.0,6.79,14.24,12.59,19.49
AF Giles,ODI,33,1720,1218,41,286.7,4.25,29.71,41.95,18.7
Sirajullah Khadim,T20,28,576,594,41,96.0,6.19,14.49,14.05,20.4
Mohammad Nadeem,T20,53,827,1070,41,137.8,7.76,26.1,20.17,10.6
RL Chase,ODI,55,2309,1952,41,384.8,5.07,47.61,56.32,12.98
Khawar Ali,ODI,32,1543,1216,41,257.2,4.73,29.66,37.63,16.66
Khawar Ali,T20,33,604,670,41,100.7,6.65,16.34,14.73,17.65
Wahab Riaz,T20,35,756,992,41,126.0,7.87,24.2,18.44,11.12
RS Bopara,ODI,73,1858,1546,41,309.7,4.99,37.71,45.32,14.26
Mohammad Asif,ODI,32,1751,1373,41,291.8,4.71,33.49,42.71,15.95
RL Chase,T20,49,885,1085,41,147.5,7.36,26.46,21.59,11.08
Sahir Naqash,T20,27,496,597,41,82.7,7.22,14.56,12.1,18.4
B Shikongo,T20,41,692,772,41,115.3,6.7,18.83,16.88,15.69
C Hinze,T20,32,625,549,40,104.2,5.27,13.72,15.62,23.6
KA Pollard,T20,60,862,1165,40,143.7,8.11,29.12,21.55,9.19
RR Patel,T20,36,591,575,40,98.5,5.84,14.38,14.78,21.28
Abbas Afridi,T20,23,438,602,40,73.0,8.25,15.05,10.95,16.39
Fayyaz Butt,ODI,30,1349,1266,40,224.8,5.63,31.65,33.72,13.26
LN Rajbanshi,T20,38,757,818,40,126.2,6.48,20.45,18.92,15.1
J Botha,T20,39,790,847,40,131.7,6.43,21.18,19.75,14.82
MG Bracewell,ODI,38,1704,1397,40,284.0,4.92,34.92,42.6,14.86
I Takahashi,T20,43,694,675,40,115.7,5.83,16.88,17.35,18.92
G Sesay,T20,27,495,452,40,82.5,5.48,11.3,12.38,26.64
H Thaker,T20,40,715,728,40,119.2,6.11,18.2,17.88,17.28
DL Vettori,T20,34,809,785,40,134.8,5.82,19.62,20.23,17.05
C Green,Test,32,2622,1581,40,437.0,3.62,39.52,65.55,20.57
Ijaz Hussain,T20,26,501,585,39,83.5,7.01,15.0,12.85,18.19
GC Murtaza,T20,34,752,885,39,125.3,7.06,22.69,19.28,12.89
GD Arta,T20,40,727,692,39,121.2,5.71,17.74,18.64,18.52
T Mupariwa,ODI,28,1417,1225,39,236.2,5.19,31.41,36.33,14.54
Ebadat Hossain,Test,21,3465,2115,39,577.5,3.66,54.23,88.85,19.2
Mashrafe Mortaza,T20,48,1068,1453,39,178.0,8.16,37.26,27.38,7.43
PWA Mulder,Test,23,2071,1040,39,345.2,3.01,26.67,53.1,27.62
HJ Manenti,T20,21,437,466,39,72.8,6.4,11.95,11.21,23.3
VJ Kingma,ODI,27,1261,1059,39,210.2,5.04,27.15,32.33,16.1
Rizwan Haider,T20,33,591,724,39,98.5,7.35,18.56,15.15,14.66
Simi Singh,T20,42,860,1048,39,143.3,7.31,26.87,22.05,10.93
MN Samuels,Test,30,3246,1855,39,541.0,3.43,47.56,83.23,21.16
C Wright,T20,36,657,738,39,109.5,6.74,18.92,16.85,15.46
SA Abbott,ODI,29,1369,1299,39,228.2,5.69,33.31,35.1,12.71
CBRLS Kumara,ODI,28,1197,1288,39,199.5,6.46,33.03,30.69,10.96
S Bodha,T20,29,551,736,39,91.8,8.02,18.87,14.13,13.5
Rubel Hossain,Test,27,4360,2810,39,726.7,3.87,72.05,111.79,17.48
SR Taylor,ODI,40,1466,1122,39,244.3,4.59,28.77,37.59,17.31
D Jakiel,T20,30,604,705,39,100.7,7.0,18.08,15.49,15.57
DT Johnston,ODI,32,1508,1133,39,251.3,4.51,29.05,38.67,17.57
KV Morea,T20,23,491,594,38,81.8,7.26,15.63,12.92,17.1
UDU Chandana,ODI,26,1255,1022,38,209.2,4.89,26.89,33.03,16.64
TK Curran,ODI,28,1340,1315,38,223.3,5.89,34.61,35.26,11.9
Basil Hameed,T20,34,519,610,38,86.5,7.05,16.05,13.66,17.06
Sarfaraz Ali,T20,37,689,821,38,114.8,7.15,21.61,18.13,13.19
Mudassar Bukhari,T20,25,514,572,38,85.7,6.67,15.05,13.53,18.7
A Nortje,ODI,21,1023,1004,38,170.5,5.89,26.42,26.92,13.83
Mahmudullah,T20,71,861,1049,38,143.5,7.31,27.61,22.66,10.66
Sarawut Maliwan,T20,36,644,700,38,107.3,6.52,18.42,16.95,16.17
SJ Benn,ODI,44,2300,1883,38,383.3,4.91,49.55,60.53,13.19
SI Mahmood,ODI,24,1238,1145,38,206.3,5.55,30.13,32.58,13.7
CJA Amini,T20,42,714,766,38,119.0,6.44,20.16,18.79,15.25
Hamza Tahir,ODI,29,1423,1020,38,237.2,4.3,26.84,37.45,19.04
I Danladi,T20,36,546,537,38,91.0,5.9,14.13,14.37,21.33
GD Elliott,ODI,52,1232,1122,38,205.3,5.47,29.53,32.42,14.07
Amjad Sher,T20,29,670,727,38,111.7,6.51,19.13,17.63,15.72
KP Meiyappan,ODI,31,1228,1123,38,204.7,5.49,29.55,32.32,14.01
S Randiv,ODI,29,1447,1240,38,241.2,5.14,32.63,38.08,14.4
D Pretorius,ODI,26,1154,960,38,192.3,4.99,25.26,30.37,16.81
D Heyliger,ODI,22,1101,908,38,183.5,4.95,23.89,28.97,17.45
D Bishoo,ODI,40,2056,1675,38,342.7,4.89,44.08,54.11,13.7
Nasum Ahmed,T20,39,782,979,38,130.3,7.51,25.76,20.58,10.93
J Sumerauer,T20,35,688,817,38,114.7,7.12,21.5,18.11,13.29
CBRLS Kumara,T20,24,548,756,37,91.3,8.28,20.43,14.81,12.15
S Yeshi,T20,35,737,683,37,122.8,5.56,18.46,19.92,18.31
M Taniyama,T20,32,464,412,37,77.3,5.33,11.14,12.54,27.24
AJ Parmar,T20,21,443,461,37,73.8,6.25,12.46,11.97,22.72
SN Thakur,T20,23,511,756,37,85.2,8.87,20.43,13.81,11.47
DN Wellalage,ODI,30,1405,1188,37,234.2,5.07,32.11,37.97,14.67
SA Abbott,T20,28,587,870,37,97.8,8.9,23.51,15.86,9.96
AC Evans,ODI,26,1299,1165,37,216.5,5.38,31.49,35.11,13.82
Ali Nayyer,T20,25,589,678,37,98.2,6.9,18.32,15.92,15.48
BD Glover,T20,23,497,521,37,82.8,6.29,14.08,13.43,20.47
LT Bichard,T20,30,605,616,37,100.8,6.11,16.65,16.35,18.31
R Shepherd,ODI,37,1486,1351,37,247.7,5.45,36.51,40.16,12.71
JF Mooney,ODI,31,1242,1119,37,207.0,5.41,30.24,33.57,14.02
V Sehwag,Test,51,3262,1647,37,543.7,3.03,44.51,88.16,24.55
YK Pathan,ODI,50,1517,1379,37,252.8,5.45,37.27,41.0,12.6
N Nipiko,T20,22,428,530,37,71.3,7.43,14.32,11.57,18.17
A Vala,T20,38,539,586,37,89.8,6.53,15.84,14.57,18.15
JP Faulkner,T20,24,523,707,36,87.2,8.11,19.64,14.53,12.77
BJ Currie,T20,21,470,460,36,78.3,5.87,12.78,13.06,23.06
JN Frylinck,ODI,31,1298,938,36,216.3,4.34,26.06,36.06,18.98
NM Coulter-Nile,T20,27,602,827,36,100.3,8.25,22.97,16.72,10.9
TM Dilshan,Test,46,3051,1594,36,508.5,3.13,44.28,84.75,23.56
TL Best,ODI,22,1175,994,36,195.8,5.08,27.61,32.64,15.66
C Bosch,T20,22,466,601,36,77.7,7.73,16.69,12.94,15.37
Amjad Mahboob,T20,26,547,740,36,91.2,8.11,20.56,15.19,12.25
Abdur Razzak,T20,28,631,719,36,105.2,6.83,19.97,17.53,14.52
Kaleemullah,T20,39,753,894,36,125.5,7.12,24.83,20.92,11.78
BA Carse,ODI,29,1355,1389,36,225.8,6.15,38.58,37.64,10.55
MG Bracewell,T20,37,626,749,36,104.3,7.18,20.81,17.39,13.45
KJ Abbott,ODI,27,1336,1063,35,222.7,4.77,30.37,38.17,15.98
Mohameed Taiwo,T20,43,751,802,35,125.2,6.41,22.91,21.46,13.81
Abdur Rehman,ODI,30,1588,1130,35,264.7,4.27,32.29,45.37,17.67
Jasdeep Singh,T20,30,665,912,35,110.8,8.23,26.06,19.0,9.7
VP Thamotharam,T20,45,802,964,35,133.7,7.21,27.54,22.91,10.69
CD Collymore,ODI,36,1868,1311,35,311.3,4.21,37.46,53.37,17.1
AG Cremer,T20,29,614,734,35,102.3,7.17,20.97,17.54,13.34
LS Livingstone,T20,41,595,852,35,99.2,8.59,24.34,17.0,9.88
AD Mathews,Test,61,3996,1837,35,666.0,2.76,52.49,114.17,26.75
D Pretorius,T20,27,527,702,35,87.8,8.0,20.06,15.06,12.62
Aayan Afzal Khan,T20,28,609,589,35,101.5,5.8,16.83,17.4,18.8
SA Ahmad,T20,29,565,535,35,94.2,5.68,15.29,16.14,20.5
Harmeet Singh,T20,28,633,724,35,105.5,6.86,20.69,18.09,14.02
A Nehra,T20,26,585,760,35,97.5,7.79,21.71,16.71,12.03
PJ Ongondo,ODI,32,1313,995,34,218.8,4.55,29.26,38.62,17.05
L Bruce,T20,37,738,922,34,123.0,7.5,27.12,21.71,10.31
NO Miller,ODI,38,1720,1417,34,286.7,4.94,41.68,50.59,13.48
Naeem Islam,ODI,41,1422,1159,34,237.0,4.89,34.09,41.82,14.73
RJW Topley,T20,35,739,998,34,123.2,8.1,29.35,21.74,8.84
K Hinds,T20,26,561,528,34,93.5,5.65,15.53,16.5,20.29
AR Cusack,ODI,27,1009,866,34,168.2,5.15,25.47,29.68,15.99
MM Sharma,ODI,25,1153,1033,34,192.2,5.37,30.38,33.91,13.93
Joshua Asia,T20,23,434,343,34,72.3,4.74,10.09,12.76,31.23
Mohammad Naveed,T20,23,530,506,34,88.3,5.73,14.88,15.59,20.74
Ateeq Iqbal,T20,37,675,688,34,112.5,6.12,20.24,19.85,15.7
AM Fernando,ODI,26,1114,1091,34,185.7,5.88,32.09,32.76,12.17
GF Linde,T20,35,662,809,34,110.3,7.33,23.79,19.47,11.74
MM Baig,T20,23,413,500,34,68.8,7.27,14.71,12.15,17.85
JE Taylor,T20,27,574,806,34,95.7,8.42,23.71,16.88,10.28
LA Dawson,T20,30,609,779,33,101.5,7.67,23.61,18.45,11.26
CAK Rajitha,ODI,27,1198,1227,33,199.7,6.14,37.18,36.3,10.59
S Prasanna,ODI,38,1936,1742,33,322.7,5.4,52.79,58.67,10.98
AJ Bichel,ODI,26,1297,943,33,216.2,4.36,28.58,39.3,17.98
CJA Amini,ODI,40,1620,1298,33,270.0,4.81,39.33,49.09,14.17
M Pathirana,T20,23,505,652,33,84.2,7.74,19.76,15.3,13.06
Faheem Ashraf,ODI,42,1717,1486,33,286.2,5.19,45.03,52.03,12.23
P Koech,T20,29,509,621,33,84.8,7.32,18.82,15.42,14.27
PP Chawla,ODI,25,1330,1131,33,221.7,5.1,34.27,40.3,13.92
C Campher,T20,48,777,1048,33,129.5,8.09,31.76,23.55,8.23
AAP Rivero,T20,23,490,428,33,81.7,5.24,12.97,14.85,24.36
Rahmatullah Mangal,T20,22,445,487,33,74.2,6.56,14.76,13.48,18.99
Haider Ali,T20,24,557,583,33,92.8,6.28,17.67,16.88,16.96
A Kirschbaum,T20,29,618,571,33,103.0,5.54,17.3,18.73,19.01
BW Hilfenhaus,ODI,25,1275,1092,33,212.5,5.14,33.09,38.64,14.0
BV Vitori,ODI,20,1063,1026,33,177.2,5.79,31.09,32.21,12.56
C Campher,ODI,33,1109,1016,33,184.8,5.5,30.79,33.61,13.4
SZ Vayani,T20,31,624,711,33,104.0,6.84,21.55,18.91,13.52
JH Davey,T20,26,572,779,33,95.3,8.17,23.61,17.33,10.58
V Zimonjic,T20,29,626,784,33,104.3,7.52,23.76,18.97,11.42
K Klein,T20,20,429,569,33,71.5,7.96,17.24,13.0,14.48
HR Walsh,T20,31,611,796,33,101.8,7.82,24.12,18.52,10.84
RR Powar,ODI,27,1441,1135,33,240.2,4.73,34.39,43.67,15.21
D Suzuki,T20,40,533,605,32,88.8,6.81,18.91,16.66,15.02
BA Pai,T20,34,702,785,32,117.0,6.71,24.53,21.94,12.42
LJ Myott,T20,21,450,460,32,75.0,6.13,14.38,14.06,20.25
N Thushara,T20,27,567,755,32,94.5,7.99,23.59,17.72,10.78
OEG Baartman,T20,21,459,602,32,76.5,7.87,18.81,14.34,13.43
A Kumble,ODI,28,1524,1192,32,254.0,4.69,37.25,47.62,14.84
Naseem Shah,T20,33,746,989,32,124.3,7.96,30.91,23.31,8.54
MJ Clarke,Test,45,2400,1216,32,400.0,3.04,38.0,75.0,24.65
CH Morris,T20,22,506,685,32,84.3,8.13,21.41,15.81,11.59
Karanbir Singh,T20,24,362,460,32,60.3,7.63,14.38,11.31,17.59
Abdullah Akbarjan,T20,21,440,492,32,73.3,6.71,15.38,13.75,18.02
DT Hondo,ODI,32,1393,1186,32,232.2,5.11,37.06,43.53,13.37
Haroon Arshad,T20,33,545,743,32,90.8,8.18,23.22,17.03,10.69
Adnan Idrees,T20,28,500,631,32,83.3,7.58,19.72,15.62,13.27
Ahsan Malik,T20,23,456,594,32,76.0,7.82,18.56,14.25,13.66
M Jansen,T20,28,657,951,32,109.5,8.68,29.72,20.53,7.95
KMA Paul,ODI,26,1151,1166,32,191.8,6.08,36.44,35.97,10.79
TK Curran,T20,29,604,916,32,100.7,9.1,28.62,18.88,7.79
AF Ifill,T20,26,525,540,32,87.5,6.17,16.88,16.41,17.76
Ibrahim Hassan,T20,38,695,847,32,115.8,7.31,26.47,21.72,10.71
I Udana,T20,32,666,925,32,111.0,8.33,28.91,20.81,8.57
DL Chahar,T20,24,533,726,32,88.8,8.18,22.69,16.66,10.92
BV Sears,T20,25,518,707,32,86.3,8.19,22.09,16.19,11.18
R Sakurano-Thomas,T20,33,505,561,32,84.2,6.66,17.53,15.78,16.26
K Piet,T20,28,531,596,32,88.5,6.73,18.62,16.59,15.35
KTGD Prasad,ODI,22,971,938,31,161.8,5.8,30.26,31.32,12.61
DMW Rawlins,T20,34,655,670,31,109.2,6.14,21.61,21.13,14.79
KS Williamson,Test,51,2156,1238,31,359.3,3.45,39.94,69.55,20.99
Harmeet Singh,ODI,20,1091,746,31,181.8,4.1,24.06,35.19,20.52
CR Woakes,T20,32,611,825,31,101.8,8.1,26.61,19.71,9.49
SR Tendulkar,ODI,53,1545,1420,31,257.5,5.51,45.81,49.84,11.05
JW Dernbach,ODI,24,1282,1346,31,213.7,6.3,43.42,41.35,9.32
HV Patel,T20,24,527,791,31,87.8,9.01,25.52,17.0,8.8
K Bhurtel,T20,30,435,505,31,72.5,6.97,16.29,14.03,16.67
Saim Ayub,T20,32,499,602,31,83.2,7.24,19.42,16.1,13.92
MR Gillespie,ODI,26,1342,1221,31,223.7,5.46,39.39,43.29,11.9
MV Pavlovic,T20,20,412,467,31,68.7,6.8,15.06,13.29,18.14
Gulsan Jha,ODI,32,1037,1019,31,172.8,5.9,32.87,33.45,11.79
T Lungameni,T20,40,771,938,31,128.5,7.3,30.26,24.87,9.61
JDP Oram,Test,20,2764,1121,31,460.7,2.43,36.16,89.16,31.84
R Rampaul,T20,27,615,827,31,102.5,8.07,26.68,19.84,9.5
Bilal Muhammad,T20,22,548,586,31,91.3,6.42,18.9,17.68,15.72
KA Jamieson,T20,32,719,1084,31,119.8,9.05,34.97,23.19,6.36
A Morris,T20,24,529,515,31,88.2,5.84,16.61,17.06,18.7
AR Puri,T20,36,684,885,31,114.0,7.76,28.55,22.06,9.37
BMAJ Mendis,ODI,47,1394,1199,31,232.3,5.16,38.68,44.97,12.91
GA Priandana,T20,33,431,505,31,71.8,7.03,16.29,13.9,16.57
A Gbla,T20,23,398,434,31,66.3,6.55,14.0,12.84,19.78
A Dutt,T20,30,599,686,31,99.8,6.87,22.13,19.32,13.09
A Dananjaya,T20,32,695,937,30,115.8,8.09,31.23,23.17,8.19
B White,T20,33,666,929,30,111.0,8.37,30.97,22.2,7.9
Nazmul Hossain,ODI,25,1132,976,30,188.7,5.17,32.53,37.73,13.84
HMCM Bandara,ODI,23,1184,983,30,197.3,4.98,32.77,39.47,14.42
ND Laegsgaard,T20,24,467,451,30,77.8,5.8,15.03,15.57,20.23
Pratik Singh Bais,T20,26,509,446,30,84.8,5.26,14.87,16.97,21.86
S Conteh,T20,23,425,393,30,70.8,5.55,13.1,14.17,23.16
S Dube,T20,38,505,785,30,84.2,9.32,26.17,16.83,8.22
MB Tambe,T20,25,508,588,30,84.7,6.94,19.6,16.93,14.26
ST Gabriel,ODI,23,1101,1119,30,183.5,6.1,37.3,36.7,10.49
D Klein,T20,23,567,550,30,94.5,5.82,18.33,18.9,17.39
D Parashar,T20,31,585,647,30,97.5,6.64,21.57,19.5,13.73
Yuvraj Singh,T20,29,401,475,30,66.8,7.11,15.83,13.37,16.81
M Kartik,ODI,23,1227,1048,30,204.5,5.12,34.93,40.9,13.55
Ahmed Raza,T20,43,830,905,30,138.3,6.54,30.17,27.67,10.93
O Thomas,ODI,23,931,998,30,155.2,6.43,33.27,31.03,10.47
SF Tiai,T20,22,487,588,30,81.2,7.24,19.6,16.23,13.76
CJ Chibhabha,ODI,49,1417,1379,30,236.2,5.84,45.97,47.23,10.08
MS Panesar,ODI,26,1314,1000,30,219.0,4.57,33.33,43.8,15.84
MJ McClenaghan,T20,29,631,809,30,105.2,7.69,26.97,21.03,9.88
JE Root,ODI,76,1740,1691,30,290.0,5.83,56.37,58.0,9.36
JA Morkel,T20,44,639,848,30,106.5,7.96,28.27,21.3,9.12
JN Loftie-Eaton,ODI,31,802,708,30,133.7,5.3,23.6,26.73,16.01
KA Jamieson,ODI,22,1150,998,30,191.7,5.21,33.27,38.33,13.57
AM Phangiso,ODI,21,1103,847,30,183.8,4.61,28.23,36.77,16.84
DT Tiripano,ODI,30,1300,1243,30,216.7,5.74,41.43,43.33,10.81
IJ Harvey,ODI,21,927,713,30,154.5,4.61,23.77,30.9,18.31
AM Blignaut,ODI,30,1436,1201,30,239.3,5.02,40.03,47.87,13.13
Ibrahim Rizan,T20,31,573,662,30,95.5,6.93,22.07,19.1,12.96
C Udekwe,T20,24,500,453,30,83.3,5.44,15.1,16.67,21.1
T Wangchuk,T20,33,615,731,30,102.5,7.13,24.37,20.5,11.64
J Shaju,T20,20,439,521,30,73.2,7.12,17.37,14.63,15.48
TM Head,ODI,42,1203,1153,30,200.5,5.75,38.43,40.1,11.18
B Lee,T20,25,585,738,30,97.5,7.57,24.6,19.5,10.87
Muhammad Wafiq,T20,36,693,854,30,115.5,7.39,28.47,23.1,9.88
Habib Khan,T20,21,487,540,30,81.2,6.65,18.0,16.23,15.84
SW Tait,T20,21,535,629,30,89.2,7.05,20.97,17.83,13.3
Ashwin Vinod,T20,22,472,542,29,78.7,6.89,18.69,16.28,14.88
Saad Bin Zafar,ODI,28,1519,1074,29,253.2,4.24,37.03,52.38,16.6
Hasan Mahmud,T20,25,537,687,29,89.5,7.68,23.69,18.52,11.02
ST Finn,T20,20,467,598,29,77.8,7.69,20.62,16.1,12.46
KOK Williams,T20,20,448,691,29,74.7,9.25,23.83,15.45,9.11
C de Grandhomme,ODI,44,1569,1243,29,261.5,4.75,42.86,54.1,13.71
CA Soper,T20,22,421,498,29,70.2,7.09,17.17,14.52,15.64
W Nalisa,T20,22,492,568,29,82.0,6.93,19.59,16.97,14.24
OF Smith,T20,26,484,784,29,80.7,9.71,27.03,16.69,7.53
AA Rahayu,T20,27,433,388,29,72.2,5.37,13.38,14.93,23.24
Washington Sundar,ODI,26,1027,847,29,171.2,4.95,29.21,35.41,15.26
CN Greaves,ODI,21,663,601,29,110.5,5.44,20.72,22.86,16.89
CR Brathwaite,T20,35,686,976,29,114.3,8.54,33.66,23.66,7.07
KC Brathwaite,Test,59,2815,1595,29,469.2,3.4,55.0,97.07,20.05
SPD Smith,ODI,40,1081,985,29,180.2,5.47,33.97,37.28,12.6
Hasan Mahmud,ODI,20,929,916,29,154.8,5.92,31.59,32.03,11.9
Rubel Hossain,T20,25,556,860,29,92.7,9.28,29.66,19.17,7.19
Usman Qadir,T20,20,416,564,29,69.3,8.14,19.45,14.34,12.54
P Malav,T20,21,446,562,29,74.3,7.56,19.38,15.38,13.36
NK Patel,T20,20,390,367,29,65.0,5.65,12.66,13.45,23.48
W O'Rourke,ODI,20,1053,948,29,175.5,5.4,32.69,36.31,13.05
LE Plunkett,T20,21,470,628,29,78.3,8.02,21.66,16.21,11.47
NM Lyon,ODI,29,1640,1359,29,273.3,4.97,46.86,56.55,12.52
Gulsan Jha,T20,34,550,640,29,91.7,6.98,22.07,18.97,12.83
PADLR Sandakan,ODI,30,1538,1556,29,256.3,6.07,53.66,53.03,8.85
J Overton,T20,20,362,486,29,60.3,8.06,16.76,12.48,14.56
V Baskaran,T20,31,589,713,28,98.2,7.26,25.46,21.04,10.93
BTJ Wheal,T20,24,504,728,28,84.0,8.67,26.0,18.0,8.86
E Kubwimana,T20,23,426,629,28,71.0,8.86,22.46,15.21,10.05
EJB Miles,T20,22,418,441,28,69.7,6.33,15.75,14.93,18.23
H Lakov,T20,26,590,767,28,98.3,7.8,27.39,21.07,9.5
Waqar Zalmai,T20,24,476,607,28,79.3,7.65,21.68,17.0,11.92
G Bakiweyem,T20,32,607,650,28,101.2,6.42,23.21,21.68,13.31
KM Jadhav,ODI,41,1173,1005,28,195.5,5.14,35.89,41.89,13.2
D Sabir,T20,20,351,346,28,58.5,5.91,12.36,12.54,23.24
L Balaji,ODI,20,1005,928,28,167.5,5.54,33.14,35.89,12.5
SA Mohandas,T20,26,554,685,28,92.3,7.42,24.46,19.79,11.05
LM Jongwe,ODI,29,1126,1083,28,187.7,5.77,38.68,40.21,10.97
SO Tikolo,ODI,26,1089,919,28,181.5,5.06,32.82,38.89,14.02
S Vashisht,T20,23,475,491,28,79.2,6.2,17.54,16.96,16.99
Avesh Khan,T20,23,497,720,28,82.8,8.7,25.71,17.75,8.93
Ayan Khan,ODI,33,1175,937,28,195.8,4.79,33.46,41.96,14.84
CB Mpofu,T20,26,608,916,28,101.3,9.04,32.71,21.71,6.67
Harbhajan Singh,T20,26,601,626,28,100.2,6.25,22.36,21.46,14.04
Hisham Sheikh,T20,29,589,686,28,98.2,6.99,24.5,21.04,11.73
Tapash Baisya,ODI,25,1170,1112,28,195.0,5.7,39.71,41.79,11.01
R Hekure,ODI,22,925,706,28,154.2,4.58,25.21,33.04,17.78
JA Burrows,T20,20,366,442,28,61.0,7.25,15.79,13.07,16.53
HA Chohan,T20,24,473,476,28,78.8,6.04,17.0,16.89,17.77
Mohammad Hasnain,T20,26,622,868,28,103.7,8.37,31.0,22.21,7.8
AR Cusack,T20,26,485,578,28,80.8,7.15,20.64,17.32,13.22
Mohammad Nawaz,ODI,27,1308,1132,28,218.0,5.19,40.43,46.71,12.39
DG Blampied,T20,30,491,568,28,81.8,6.94,20.29,17.54,13.77
DAJ Bracewell,ODI,21,1039,850,28,173.2,4.91,30.36,37.11,15.06
Shahadat Hossain,ODI,33,1593,1598,28,265.5,6.02,57.07,56.89,8.7
J Rasu,T20,23,467,565,28,77.8,7.26,20.18,16.68,13.3
T Tshose,T20,30,509,615,28,84.8,7.25,21.96,18.18,12.39
IK Pathan,T20,22,457,598,28,76.2,7.85,21.36,16.32,11.8
EB Ringera,T20,24,464,538,27,77.3,6.96,19.93,17.19,13.89
MJ Mason,ODI,20,970,826,27,161.7,5.11,30.59,35.93,14.28
KJ Abbott,T20,20,433,557,27,72.2,7.71,20.63,16.04,12.33
Festus Benn,T20,20,377,406,27,62.8,6.46,15.04,13.96,18.62
XC Bartlett,T20,20,410,540,27,68.3,7.91,20.0,15.19,12.41
A Wright,T20,25,528,459,27,88.0,5.22,17.0,19.56,19.88
GM Muthui,T20,23,435,498,27,72.5,6.87,18.44,16.11,14.99
R Coker,T20,29,577,550,27,96.2,5.72,20.37,21.37,16.24
MN Samuels,T20,30,491,645,27,81.8,7.89,23.89,18.19,10.55
SE Bond,T20,20,480,553,27,80.0,6.91,20.48,17.78,13.67
SMSM Senanayake,T20,23,493,562,27,82.2,6.84,20.81,18.26,13.61
Mohammed Nadeem,T20,24,521,556,27,86.8,6.41,20.59,19.3,14.55
TT Bresnan,T20,34,693,899,27,115.5,7.78,33.3,25.67,8.01
Mohammed Shami,T20,24,504,739,27,84.0,8.8,27.37,18.67,8.23
Huzaifa Mohammed,T20,23,530,550,27,88.3,6.23,20.37,19.63,15.04
CN Greaves,T20,29,470,588,27,78.3,7.51,21.78,17.41,12.03
Anjar Tadarus,T20,35,494,586,27,82.3,7.12,21.7,18.3,12.67
NN Odhiambo,T20,26,433,604,26,72.2,8.37,23.23,16.65,10.17
PR Stirling,ODI,45,1485,1227,26,247.5,4.96,47.19,57.12,12.31
E Otieno,T20,26,470,564,26,78.3,7.2,21.69,18.08,12.5
Usman Khalid,T20,28,523,520,26,87.2,5.96,20.0,20.12,15.81
C Karunaratne,T20,40,720,948,26,120.0,7.9,36.46,27.69,7.22
R Ravindra,T20,24,393,448,26,65.5,6.84,17.23,15.12,15.89
M Magagula,T20,22,396,532,26,66.0,8.06,20.46,15.23,11.91
Z Burgess,T20,27,548,515,26,91.3,5.64,19.81,21.08,16.71
Khalid Zahid,T20,25,556,627,26,92.7,6.76,24.12,21.38,12.19
S Joseph,T20,20,428,643,26,71.3,9.02,24.73,16.46,8.85
D Ravu,T20,21,399,488,26,66.5,7.34,18.77,15.35,13.95
Kushal Malla,ODI,31,1087,782,26,181.2,4.32,30.08,41.81,17.35
PM Seelaar,ODI,27,1277,1028,26,212.8,4.83,39.54,49.12,13.6
BC Fortuin,T20,27,494,657,26,82.3,7.98,25.27,19.0,9.86
V Ganesan,T20,29,475,457,26,79.2,5.77,17.58,18.27,17.87
BA Stokes,T20,34,607,826,26,101.2,8.16,31.77,23.35,7.78
Jaspreet Singh,T20,24,419,489,26,69.8,7.01,18.81,16.12,14.46
C Karunaratne,ODI,23,837,787,26,139.5,5.64,30.27,32.19,12.74
Muhammad Jabir,T20,25,521,709,26,86.8,8.17,27.27,20.04,8.95
Muhammad Asim,T20,28,485,576,26,80.8,7.13,22.15,18.65,12.39
Junaid Khan,T20,26,546,575,26,91.0,6.32,22.12,21.0,13.91
Shoaib Malik,T20,47,549,649,26,91.5,7.09,24.96,21.12,11.29
K Mirpuri,T20,27,559,744,26,93.2,7.98,28.62,21.5,8.8
Mohammad Ghazanfar,T20,25,491,544,26,81.8,6.65,20.92,18.88,13.85
Raza Iqbal,T20,23,451,430,26,75.2,5.72,16.54,17.35,18.82
Utkarsh Jain,T20,22,462,435,25,77.0,5.65,17.4,18.48,18.26
A Nanda,T20,25,530,656,25,88.3,7.43,26.24,21.2,10.25
Yasir Shah,ODI,24,1302,1165,25,217.0,5.37,46.6,52.08,10.97
Nasir Hossain,ODI,42,1248,990,25,208.0,4.76,39.6,49.92,13.78
PWA Mulder,ODI,25,883,895,25,147.2,6.08,35.8,35.32,10.48
Gaurav Tiwari,T20,22,468,500,25,78.0,6.41,20.0,18.72,14.78
Naveed Ahmed,T20,26,515,608,25,85.8,7.09,24.32,20.6,11.48
H Thaker,ODI,24,1095,797,25,182.5,4.37,31.88,43.8,16.66
Mehran Khan,T20,27,462,545,25,77.0,7.08,21.8,18.48,12.6
B Arora,T20,35,634,779,25,105.7,7.37,31.16,25.36,8.97
B Shikongo,ODI,22,865,848,25,144.2,5.88,33.92,34.6,11.29
Raaz Mohammad,T20,21,399,459,25,66.5,6.9,18.36,15.96,14.9
MK Thakur,T20,21,467,450,25,77.8,5.78,18.0,18.68,17.48
ASF Sirah,T20,20,404,457,25,67.3,6.79,18.28,16.16,15.15
JEC Franklin,T20,26,337,422,25,56.2,7.51,16.88,13.48,15.04
JN Loftie-Eaton,T20,33,441,559,25,73.5,7.61,22.36,17.64,11.51
Shoaib Malik,Test,20,1938,1064,25,323.0,3.29,42.56,77.52,21.41
RJ Sidebottom,ODI,22,1182,974,25,197.0,4.94,38.96,47.28,13.21
DAS Gunaratne,ODI,25,846,735,25,141.0,5.21,29.4,33.84,14.14
Atif Mehmood,T20,23,470,417,25,78.3,5.33,16.68,18.8,19.72
CJPF Kalugamage,T20,21,418,484,25,69.7,6.94,19.36,16.72,14.18
KS Leverock,T20,22,436,469,25,72.7,6.45,18.76,17.44,15.47
Amar Sharma,T20,31,658,863,25,109.7,7.87,34.52,26.32,7.55
Ahmadullah Shinwari,T20,27,516,576,25,86.0,6.7,23.04,20.64,12.69
SM Ervine,ODI,20,789,703,25,131.5,5.35,28.12,31.56,14.06
GB Brent,ODI,23,1140,900,25,190.0,4.74,36.0,45.6,14.38
M Dillon,ODI,20,980,737,25,163.3,4.51,29.48,39.2,16.62
ZGF Foulkes,T20,21,466,643,24,77.7,8.28,26.79,19.42,8.87
Kushal Malla,T20,28,390,414,24,65.0,6.37,17.25,16.25,16.67
FA Allen,T20,35,612,784,24,102.0,7.69,32.67,25.5,8.11
Fanyan Mughal,T20,24,499,586,24,83.2,7.04,24.42,20.79,11.48
Asif Ali,T20,35,461,486,24,76.8,6.33,20.25,19.21,14.76
Aqib Ilyas,ODI,27,907,719,24,151.2,4.76,29.96,37.79,15.46
Khaled Mahmud,ODI,27,1227,1047,24,204.5,5.12,43.62,51.12,11.98
B Fernando,T20,23,497,666,24,82.8,8.04,27.75,20.71,8.87
PADLR Sandakan,T20,20,484,568,24,80.7,7.04,23.67,20.17,11.78
NN Odhiambo,ODI,22,936,883,24,156.0,5.66,36.79,39.0,11.29
Sufyan Mehmood,T20,23,408,567,24,68.0,8.34,23.62,17.0,9.95
DK Shetty,T20,25,427,449,24,71.2,6.31,18.71,17.79,15.74
N Dutta,T20,24,473,507,24,78.8,6.43,21.12,19.71,14.08
HR Walsh,ODI,22,985,908,24,164.2,5.53,37.83,41.04,11.48
B Khumalo,T20,27,485,585,24,80.8,7.24,24.38,20.21,11.17
SR Patel,ODI,31,1149,1082,23,191.5,5.65,47.04,49.96,10.01
SC Ganguly,ODI,38,1051,895,23,175.2,5.11,38.91,45.7,12.52
S Pradhan,T20,25,445,495,23,74.2,6.67,21.52,19.35,13.36
Noman Amjad,T20,29,594,709,23,99.0,7.16,30.83,25.83,9.28
FH Edwards,T20,26,481,629,23,80.2,7.84,27.35,20.91,9.21
WP Masakadza,ODI,31,1381,1168,23,230.2,5.07,50.78,60.04,11.43
P Utseya,T20,30,654,782,23,109.0,7.17,34.0,28.43,8.59
Mohammad Nadeem,ODI,28,825,762,23,137.5,5.54,33.13,35.87,12.21
K Senamontree,T20,23,371,416,23,61.8,6.73,18.09,16.13,15.3
Jay Odedra,ODI,22,867,579,23,144.5,4.01,25.17,37.7,20.1
DA Blignaut,T20,21,297,345,23,49.5,6.97,15.0,12.91,17.55
B Masaba,T20,23,368,338,23,61.3,5.51,14.7,16.0,21.01
N Pokana,T20,23,493,599,23,82.2,7.29,26.04,21.43,10.44
Pyae Phyo Wai,T20,25,420,457,23,70.0,6.53,19.87,18.26,14.53
A Symonds,Test,22,1956,846,23,326.0,2.6,36.78,85.04,28.75
Najjam Shahzad,T20,23,427,463,23,71.2,6.5,20.13,18.57,14.43
H Lin Aung,T20,20,346,394,23,57.7,6.83,17.13,15.04,15.85
KMA Paul,T20,21,451,650,22,75.2,8.64,29.55,20.5,7.55
LS Livingstone,ODI,29,892,938,22,148.7,6.31,42.64,40.55,8.83
Abdul Razzaq,T20,21,330,386,22,55.0,7.02,17.55,15.0,15.15
D Abeyrathna,T20,20,328,380,22,54.7,6.95,17.27,14.91,15.48
MD Shanaka,ODI,40,938,844,22,156.3,5.4,38.36,42.64,11.65
Shah Abrar Hussain,T20,23,453,564,22,75.5,7.47,25.64,20.59,10.25
I Udana,ODI,20,908,928,22,151.3,6.13,42.18,41.27,9.28
H Carlyon,T20,25,378,364,22,63.0,5.78,16.55,17.18,18.48
H Masakadza,ODI,60,1249,1174,22,208.2,5.64,53.36,56.77,9.46
NK Aneesh Kumar,T20,26,525,592,22,87.5,6.77,26.91,23.86,10.98
NP Kenjige,T20,23,450,568,22,75.0,7.57,25.82,20.45,10.04
DS Lehmann,ODI,21,590,497,22,98.3,5.06,22.59,26.82,16.77
JP Duminy,T20,41,476,607,22,79.3,7.65,27.59,21.64,9.35
VJ Kingma,T20,24,520,625,22,86.7,7.21,28.41,23.64,9.78
RD Berrington,T20,30,425,534,22,70.8,7.54,24.27,19.32,10.65
AC Agar,ODI,22,1107,970,22,184.5,5.26,44.09,50.32,11.35
M Sarenac,T20,23,396,530,22,66.0,8.03,24.09,18.0,10.05
O Thomas,T20,20,440,661,22,73.3,9.02,30.05,20.0,7.01
CO Obuya,T20,20,326,339,22,54.3,6.24,15.41,14.82,18.47
Mohammad Nawaz (3),T20,24,468,545,21,78.0,6.99,25.95,22.29,10.86
Sultan Ahmed,T20,21,433,403,21,72.2,5.58,19.19,20.62,17.0
OD Hald,T20,21,348,399,21,58.0,6.88,19.0,16.57,14.32
Waji Ul Hassan,T20,24,377,475,21,62.8,7.56,22.62,17.95,11.28
M Yunusu Issa,T20,22,337,393,21,56.2,6.99,18.71,16.05,14.33
Luqman Butt,T20,31,541,652,21,90.2,7.23,31.05,25.76,9.01
Agha Salman,Test,21,1860,1190,21,310.0,3.84,56.67,88.57,16.3
CO Obuya,ODI,23,860,697,21,143.3,4.86,33.19,40.95,14.2
Thuya Aung,T20,20,369,363,21,61.5,5.9,17.29,17.57,17.54
JDP Oram,T20,32,565,814,21,94.2,8.64,38.76,26.9,5.67
T Rossi,T20,21,384,431,21,64.0,6.73,20.52,18.29,13.68
DJ Hussey,T20,25,370,406,21,61.7,6.58,19.33,17.62,14.66
Soumya Sarkar,ODI,26,568,572,21,94.7,6.04,27.24,27.05,12.32
ROC Dunka,T20,24,468,598,21,78.0,7.67,28.48,22.29,9.01
C Green,ODI,25,841,788,21,140.2,5.62,37.52,40.05,11.1
E Mathew,T20,20,360,469,21,60.0,7.82,22.33,17.14,11.04
CL Cairns,ODI,23,948,782,20,158.0,4.95,39.1,47.4,12.83
Anwar Ali,ODI,21,917,930,20,152.8,6.09,46.5,45.85,8.77
SB Styris,T20,21,313,358,20,52.2,6.86,17.9,15.65,15.07
LL Tsotsobe,T20,23,482,559,20,80.3,6.96,27.95,24.1,10.23
D Johnson,T20,20,354,463,20,59.0,7.85,23.15,17.7,10.59
SPD Smith,Test,48,1472,1020,20,245.3,4.16,51.0,73.6,14.86
Ali Khan,T20,20,454,642,20,75.7,8.48,32.1,22.7,7.01
CH Gayle,T20,30,394,451,20,65.7,6.86,22.55,19.7,12.38
CJ Anderson,T20,27,445,602,20,74.2,8.11,30.1,22.25,7.94
ST Jayasuriya,T20,23,353,431,20,58.8,7.33,21.55,17.65,12.08
AK Markram,ODI,39,1171,1129,20,195.2,5.78,56.45,58.55,8.75
MH Yardy,ODI,27,1289,1052,20,214.8,4.9,52.6,64.45,11.65
KS Bagabena,T20,33,512,561,20,85.3,6.58,28.05,25.6,10.89
R Ravindra,ODI,23,958,919,20,159.7,5.75,45.95,47.9,9.65
N Boje,ODI,20,933,714,20,155.5,4.59,35.7,46.65,14.69
NA Greenwood,T20,20,353,349,20,58.8,5.94,17.45,17.65,17.27
C Pengkumta,T20,25,412,471,20,68.7,6.86,23.55,20.6,11.94
Delawar Khan,T20,21,346,418,19,57.7,7.24,22.0,18.21,11.96
TJG Pringle,T20,22,423,466,19,70.5,6.61,24.53,22.26,11.96
B Kgosiemang,T20,22,375,475,19,62.5,7.6,25.0,19.74,10.14
NM Odhiambo,T20,26,414,541,19,69.0,7.84,28.47,21.79,8.68
MR Marsh,T20,25,316,391,19,52.7,7.42,20.58,16.63,12.41
MWR Stokes,T20,25,411,481,19,68.5,7.02,25.32,21.63,10.93
MW Forde,T20,20,401,522,19,66.8,7.81,27.47,21.11,9.02
KIC Asalanka,ODI,32,753,623,19,125.5,4.96,32.79,39.63,13.81
DC Smith,T20,24,415,534,19,69.2,7.72,28.11,21.84,8.95
JT Brassell,T20,23,391,571,19,65.2,8.76,30.05,20.58,7.14
DJ Hussey,ODI,37,791,694,19,131.8,5.27,36.53,41.63,12.13
PD Collingwood,Test,44,1789,984,19,298.2,3.3,51.79,94.16,20.03
SJ Benn,T20,23,491,614,19,81.8,7.51,32.32,25.84,8.19
GC Smith,ODI,33,841,732,19,140.2,5.22,38.53,44.26,11.97
Agha Salman,ODI,34,1059,1037,19,176.5,5.88,54.58,55.74,8.55
LJ Wright,T20,22,335,468,18,55.8,8.39,26.0,18.61,8.71
Mohammad Irfan,T20,22,467,575,18,77.8,7.39,31.94,25.94,8.4
PR Stirling,T20,35,490,577,18,81.7,7.06,32.06,27.22,8.9
Alok Kapali,ODI,25,744,648,18,124.0,5.23,36.0,41.33,12.28
M Taylor,T20,23,491,550,18,81.8,6.72,30.56,27.28,9.85
VD Adewoye,T20,21,301,394,18,50.2,7.85,21.89,16.72,11.07
DM de Silva,T20,26,307,347,18,51.2,6.78,19.28,17.06,14.18
KD Shah,T20,29,440,546,17,73.3,7.45,32.12,25.88,8.22
JM Kemp,ODI,31,678,531,17,113.0,4.7,31.24,39.88,14.95
W Madhevere,ODI,26,758,661,17,126.3,5.23,38.88,44.59,11.76
M Dixit,T20,20,358,436,17,59.7,7.3,25.65,21.06,10.26
RS Bopara,T20,21,337,395,17,56.2,7.03,23.24,19.82,11.64
Mujeeb-ur-Rehman,T20,21,367,434,17,61.2,7.09,25.53,21.59,10.64
EC Rainsford,ODI,22,1070,805,17,178.3,4.51,47.35,62.94,13.34
J Singye,T20,23,394,440,17,65.7,6.7,25.88,23.18,11.2
Mehedi Hasan Miraz,T20,29,447,635,17,74.5,8.52,37.35,26.29,5.81
SR Thompson,T20,24,406,531,17,67.7,7.84,31.24,23.88,7.86
LJ Wright,ODI,36,1050,910,17,175.0,5.2,53.53,61.76,10.36
W Madhevere,T20,35,422,487,16,70.3,6.93,30.44,26.38,9.4
Surya Anand,T20,26,451,451,16,75.2,6.0,28.19,28.19,11.86
D Elgar,Test,34,1036,683,16,172.7,3.95,42.69,64.75,16.38
M Labuschagne,Test,35,1332,853,16,222.0,3.84,53.31,83.25,16.04
CK Jasmat,T20,20,415,460,16,69.2,6.65,28.75,25.94,10.35
GD Phillips,ODI,31,808,819,16,134.7,6.08,51.19,50.5,8.11
Danyal Raja,T20,20,401,528,16,66.8,7.9,33.0,25.06,7.34
A Martel,T20,20,343,398,16,57.2,6.96,24.88,21.44,11.05
PD Collingwood,T20,20,238,353,16,39.7,8.89,22.06,14.88,9.67
TM Head,Test,33,1020,645,16,170.0,3.79,40.31,63.75,17.56
Mosaddek Hossain,ODI,37,1016,904,16,169.3,5.34,56.5,63.5,9.66
Iftikhar Ahmed,ODI,20,748,695,16,124.7,5.57,43.44,46.75,10.13
DT Christian,T20,21,285,409,16,47.5,8.61,25.56,17.81,8.52
U Aryaman Sunil,T20,22,428,635,16,71.3,8.91,39.69,26.75,4.97
Umair Qasim,T20,20,365,438,16,60.8,7.2,27.38,22.81,9.8
AK Markram,T20,38,416,592,16,69.3,8.54,37.0,26.0,5.8
RM Dorji,T20,20,310,418,16,51.7,8.09,26.12,19.38,8.94
KK Lin Thu,T20,20,360,333,16,60.0,5.55,20.81,22.5,15.89
Junaid Siddiqui,T20,20,399,372,16,66.5,5.59,23.25,24.94,14.61
Farhad Reza,ODI,25,830,793,15,138.3,5.73,52.87,55.33,8.76
S Matsikenyeri,ODI,26,687,563,15,114.5,4.92,37.53,45.8,12.84
Mohammad Ashraful,Test,30,927,688,15,154.5,4.45,45.87,61.8,13.58
JWM Dalrymple,ODI,23,868,686,15,144.7,4.74,45.73,57.87,12.44
KM Dabengwa,ODI,24,715,647,15,119.2,5.43,43.13,47.67,10.48
Mosaddek Hossain,T20,21,286,354,15,47.7,7.42,23.6,19.07,10.77
RD Berrington,ODI,35,762,647,15,127.0,5.09,43.13,50.8,11.51
C de Grandhomme,T20,21,336,470,15,56.0,8.39,31.33,22.4,7.05
K Bhurtel,ODI,20,532,440,14,88.7,4.96,31.43,38.0,13.8
M Choamba,T20,20,275,243,14,45.8,5.31,17.36,19.64,18.7
SK Raina,T20,27,362,450,14,60.3,7.46,32.14,25.86,8.04
S Desungnoen,T20,25,344,395,14,57.3,6.89,28.21,24.57,9.96
HN Ya France,ODI,21,726,556,14,121.0,4.6,39.71,51.86,13.63
S Bau,T20,30,355,392,14,59.2,6.62,28.0,25.36,10.51
KR Mayers,ODI,23,709,647,14,118.2,5.47,46.21,50.64,9.97
RP Burl,ODI,26,568,607,14,94.7,6.41,43.36,40.57,8.04
JA Fitzgerald,T20,21,406,608,13,67.7,8.98,46.77,31.23,3.87
Haris Sohail,ODI,20,613,593,13,102.2,5.8,45.62,47.15,9.09
TM Dilshan,T20,25,261,315,13,43.5,7.24,24.23,20.08,10.69
AD Mascarenhas,ODI,20,829,658,13,138.2,4.76,50.62,63.77,11.77
S Bau,ODI,20,613,492,13,102.2,4.81,37.85,47.15,13.04
T Jamtsho,T20,20,270,330,13,45.0,7.33,25.38,20.77,10.11
A Limdawala,T20,22,314,379,13,52.3,7.25,29.15,24.15,9.05
Rafiullah,T20,20,293,419,12,48.8,8.59,34.92,24.42,5.9
Waqas Barkat,T20,21,294,388,12,49.0,7.92,32.33,24.5,7.25
C Bah,T20,21,374,405,12,62.3,6.5,33.75,31.17,9.23
Soumya Sarkar,T20,26,287,416,12,47.8,8.7,34.67,23.92,5.83
DV Varghese,T20,22,306,456,12,51.0,8.94,38.0,25.5,4.99
PW Borren,T20,21,351,411,12,58.5,7.03,34.25,29.25,8.17
P Khadka,T20,22,290,314,12,48.3,6.5,26.17,24.17,11.22
F Behardien,ODI,34,716,694,12,119.3,5.82,57.83,59.67,7.97
R Hekure,T20,21,314,379,12,52.3,7.25,31.58,26.17,8.39
Mominul Haque,Test,39,889,594,11,148.2,4.01,54.0,80.82,14.63
RG Sharma,ODI,40,614,538,11,102.3,5.26,48.91,55.82,10.11
GD Phillips,T20,22,232,320,11,38.7,8.27,29.09,21.09,7.56
SR Tendulkar,Test,40,1319,877,11,219.8,3.99,79.73,119.91,13.58
Afif Hossain,T20,21,193,252,10,32.2,7.83,25.2,19.3,9.32
SC Ganguly,Test,25,1043,509,10,173.8,2.93,50.9,104.3,22.4
Iftikhar Ahmed,T20,25,299,357,10,49.8,7.17,35.7,29.9,7.56
KP Pietersen,Test,45,1310,919,10,218.3,4.21,91.9,131.0,12.09
C Munro,ODI,25,563,483,9,93.8,5.15,53.67,62.56,9.9
RP Arnold,ODI,20,388,367,9,64.7,5.67,40.78,43.11,9.75
Aarif Sheikh,ODI,34,905,701,9,150.8,4.65,77.89,100.56,10.43
Yuvraj Singh,Test,23,866,523,9,144.3,3.62,58.11,96.22,16.41
MN Waller,ODI,25,580,497,9,96.7,5.14,55.22,64.44,9.82
TAM Siriwardana,ODI,21,608,554,9,101.3,5.47,61.56,67.56,8.44
KP Pietersen,ODI,22,403,368,8,67.2,5.48,46.0,50.38,9.55
NJ Astle,ODI,21,404,346,8,67.3,5.14,43.25,50.5,10.86
CS MacLeod,ODI,33,774,635,8,129.0,4.92,79.38,96.75,9.3
Azhar Ali,Test,31,868,630,8,144.7,4.35,78.75,108.5,11.54
Mohammad Ashraful,ODI,26,404,358,8,67.3,5.32,44.75,50.5,10.14
MD Gunathilaka,ODI,22,405,375,8,67.5,5.56,46.88,50.62,9.24
MEK Hussey,Test,25,596,324,7,99.3,3.26,46.29,85.14,19.68
Ayan Khan,T20,26,290,389,7,48.3,8.05,55.57,41.43,3.82
Younis Khan,Test,20,598,366,7,99.7,3.67,52.29,85.43,16.32
V Kohli,ODI,50,671,681,7,111.8,6.09,97.29,95.86,5.48
AK Markram,Test,21,627,324,6,104.5,3.1,54.0,104.5,20.21
IJL Trott,Test,28,708,413,6,118.0,3.5,68.83,118.0,16.33
AJ Finch,ODI,21,287,259,5,47.8,5.42,51.8,57.4,8.96
DJ Mitchell,Test,21,780,404,4,130.0,3.11,101.0,195.0,18.1
